Liiklusregistris 2017 aastal esmaselt registreeritud veesõidukid.;;;;;;;;;;
;;;;;;;;;;
Eestis esm reg kp;Liik;Tüüp;Kategooria;Mark;Mudel;Ehitusaasta;Kere materjal;Pikkus;Varasem kasutus;Arv
10.01.2017;Väikelaev;Mootorpaat;C;SILVER;FOX;2004;Alumiinium;4,85;;1
11.01.2017;Väikelaev;Mootorpaat;C;DULKAN;D-420 DZ;2016;Sünt. kangas;4,2;Uus sõiduk;1
12.01.2017;Väikelaev;Mootorpaat;D;TERHI;415 R;1989;Plastik;4,15;;1
13.01.2017;Väikelaev;Sõudepaat;D;AKVEREX;TRELO;2016;Plastik;3,35;Uus sõiduk;1
14.01.2017;Väikelaev;Mootorpaat;D;NORD;460D;2016;Plastik;4,6;Uus sõiduk;1
16.01.2017;Väikelaev;Mootorpaat;C;DULKAN;D-400;2016;Sünt. kangas;4;Uus sõiduk;1
17.01.2017;Alla 12m laev;Kalapaat;C;ROBUST;16;2016;Plastik;5,1;Uus sõiduk;1
17.01.2017;Väikelaev;Mootorpaat;D;PERLA;402;2016;Plastik;4;Uus sõiduk;1
17.01.2017;Väikelaev;Mootorpaat;D;TERHI;400;2013;Plastik;4,01;;1
17.01.2017;Väikelaev;Mootorpaat;D;SORSA;-;1974;Plastik;4,4;;1
17.01.2017;Väikelaev;Mootorpaat;D;SKIPP;440;2016;Plastik;4,4;Uus sõiduk;1
19.01.2017;Väikelaev;Mootorpaat;C;TERHI;NORDIC 6020;1999;Plastik;4,62;;1
19.01.2017;Väikelaev;Mootorpaat;C;BUSTER;XL PRO SC;2016;Alumiinium;5,94;Uus sõiduk;1
20.01.2017;Väikelaev;Mootorpaat;D;SEILSAT;C440A;2017;Plastik;4,4;Uus sõiduk;1
20.01.2017;Väikelaev;Mootorpaat;C;VIKSUND;25 SABB CRUISER;1986;Sünt. kangas;7,6;;1
23.01.2017;Väikelaev;Mootorpaat;D;VELES;360;2016;Sünt. kangas;3,6;Uus sõiduk;1
23.01.2017;Väikelaev;Purjejaht;A;VISIERS;41;1984;Plastik;12,47;;1
24.01.2017;Väikelaev;Purjejaht;B;ALBIN;VEGA;1976;Plastik;8,25;;1
25.01.2017;Väikelaev;Mootorpaat;C;DULKAN;D325;2017;Sünt. kangas;3,25;Uus sõiduk;1
27.01.2017;Väikelaev;Mootorpaat;C;FASTER;635;2017;Alumiinium;6,35;Uus sõiduk;1
27.01.2017;Väikelaev;Purjejaht;B;TUNAKRYSSARE;-;1981;Teras;10,5;;1
28.01.2017;Väikelaev;Mootorpaat;D;BUSTER;SUN R;1985;Alumiinium;3,9;;1
30.01.2017;Väikelaev;Mootorpaat;C;BENETEAU;BARRACUDA 8;2016;Plastik;6,98;Uus sõiduk;1
31.01.2017;Alla 12m laev;Tööpaat ;D;ZODIAC;CADET 270 AERO;2016;Plastik;2,7;Uus sõiduk;4
31.01.2017;Väikelaev;Mootorpaat;C;DULKAN;D345;2016;Sünt. kangas;3,45;Uus sõiduk;1
31.01.2017;Väikelaev;Mootorpaat;C;PARKER;660 WEEKEND;2016;Plastik;6,45;Uus sõiduk;1
01.02.2017;Väikelaev;Mootorpaat;C;FLIPPER;450 HT;1972;Plastik;4,5;;1
02.02.2017;Väikelaev;Mootorpaat;C;VIIKING;500;2015;Plastik;4,86;Uus sõiduk;1
02.02.2017;Väikelaev;Mootorpaat;C;BUSTER;L;2015;Alumiinium;5,19;Uus sõiduk;1
08.02.2017;Alla 12m laev;Kalapaat;D;NORDLINE;51 ;2016;Plastik;5,15;Uus sõiduk;1
09.02.2017;Väikelaev;Mootorpaat;C;NORDKAPP;AVANT 605 RANGER;2016;Alumiinium;6,06;Uus sõiduk;1
10.02.2017;Väikelaev;Sõudepaat;D;NORDLINE;41M;2017;Plastik;4,1;Uus sõiduk;1
14.02.2017;Väikelaev;Sõudepaat;D;NORDLINE;29;2015;Sünt. kangas;2,95;Uus sõiduk;1
14.02.2017;Väikelaev;Mootorpaat;D;SEA PRO;CM 320;2012;Sünt. kangas;3,2;;1
14.02.2017;Väikelaev;Mootorpaat;C;CATRAN;MARINE 320AB;2014;Sünt. kangas;3,2;;1
14.02.2017;Väikelaev;Mootorpaat;D;TERHI;410;1975;Plastik;4,1;;1
14.02.2017;Väikelaev;Mootorpaat;B;JEANNEAU;LEADER 805;1999;Plastik;7,8;;1
15.02.2017;Väikelaev;Mootorpaat;D;ORION;8;2006;Kumm;3;;1
15.02.2017;Väikelaev;Mootorpaat;C;FASTER;495 CC;2017;Alumiinium;4,96;Uus sõiduk;1
16.02.2017;Väikelaev;Mootorpaat;D;FINNSTELLA;SPORT;1974;Plastik;4,3;;1
16.02.2017;Väikelaev;Mootorpaat;D;AMUR;M;1981;Alumiinium;5,62;;1
17.02.2017;Alla 12m laev;Kalapaat;D;CURSUS;440;2016;Plastik;4,4;Uus sõiduk;1
17.02.2017;Väikelaev;Mootorpaat;D;CURSUS;440;2017;Plastik;4,4;Uus sõiduk;1
17.02.2017;Väikelaev;Mootorpaat;D;NORD;460D;2015;Plastik;4,6;Uus sõiduk;1
17.02.2017;Väikelaev;Mootorpaat;D;OMAVALMISTATUD;-;2017;Puit;4,6;Uus sõiduk;1
20.02.2017;Väikelaev;Mootorpaat;C;HONWAVE;T38IE2;2015;Sünt. kangas;3,76;Uus sõiduk;1
21.02.2017;Väikelaev;Mootorpaat;C;DULKAN;D325;2017;Sünt. kangas;3,25;Uus sõiduk;1
21.02.2017;Väikelaev;Mootorpaat;D;HIRVAS;435;1991;Plastik;4,35;;1
21.02.2017;Väikelaev;Mootorpaat;C;NORD;460C;2016;Plastik;4,6;Uus sõiduk;1
21.02.2017;Väikelaev;Mootorpaat;D;SEA RAY;190 SUN SPORT;1979;Plastik;5,2;;1
22.02.2017;Väikelaev;Sõudepaat;D;KIILI PAAT;440;2016;Plastik;4,4;Uus sõiduk;1
23.02.2017;Alla 12m laev;Kalapaat;C;MÄÄRAMATA;-;1987;Puit;5,9;;1
23.02.2017;Väikelaev;Mootorpaat;D;C-440 A;-;2016;Plastik;4,4;Uus sõiduk;1
27.02.2017;Väikelaev;Sõudepaat;D;CATRAN;GLIDE IBP-250;2014;Sünt. kangas;2,35;;1
27.02.2017;Väikelaev;Sõudepaat;D;CATRAN;GLIDE IBP-285;2014;Sünt. kangas;2,65;;1
27.02.2017;Väikelaev;Mootorpaat;D;ASTRA;415;2016;Plastik;4,15;Uus sõiduk;1
27.02.2017;Väikelaev;Mootorpaat;C;BUSTER;L 2;2014;Alumiinium;5,04;;1
01.03.2017;Väikelaev;Mootorpaat;C;DELPHIN;DK-330;2003;Sünt. kangas;3,3;;1
02.03.2017;Väikelaev;Sõudepaat;D;NORDLINE;28;2017;Plastik;2,85;Uus sõiduk;1
02.03.2017;Väikelaev;Mootorpaat;C;DM ASTRA;505;2013;Plastik;5,05;;1
03.03.2017;Väikelaev;Mootorpaat;D;NORDLINE;42;2016;Plastik;4,2;Uus sõiduk;1
03.03.2017;Väikelaev;Mootorpaat;D;C-440;-;2016;Plastik;4,4;Uus sõiduk;1
03.03.2017;Väikelaev;Mootorpaat;D;SEILSAT;C440;2016;Plastik;4,4;Uus sõiduk;1
04.03.2017;Väikelaev;Sõudepaat;D;NORDLINE;42;2017;Plastik;4,2;Uus sõiduk;1
06.03.2017;Väikelaev;Mootorpaat;C;REGAL;2300 RX SURF;2016;Sünt. kangas;7,3;Uus sõiduk;1
07.03.2017;Jett;Määramata;;YAMAHA;GP 1800;2017;Määramata;3,35;Uus sõiduk;1
07.03.2017;Väikelaev;Sõudepaat;C;AQUA STORM;STK300;2015;Sünt. kangas;3;Uus sõiduk;1
07.03.2017;Väikelaev;Mootorpaat;C;DULKAN;D-325 DZ;2017;Sünt. kangas;3,25;Uus sõiduk;1
07.03.2017;Väikelaev;Mootorpaat;D;LAMI;405 R;1990;Plastik;4,05;;1
07.03.2017;Väikelaev;Mootorpaat;D;LAMI;420;1990;Plastik;4,2;;1
07.03.2017;Väikelaev;Mootorpaat;C;LINDER;SPORTSMAN 445 CATCH;2017;Alumiinium;4,51;Uus sõiduk;1
07.03.2017;Väikelaev;Mootorpaat;C;BUSTER;M CC;2016;Alumiinium;4,8;Uus sõiduk;1
07.03.2017;Väikelaev;Mootorpaat;C;JOONAS;600 HT;1982;Plastik;6;;1
07.03.2017;Väikelaev;Mootorpaat;C;HAMARIINA;640;1982;Plastik;6,45;;1
07.03.2017;Väikelaev;Mootorpaat;C;JURMO-CABIN;-;1987;Plastik;6,65;;1
08.03.2017;Väikelaev;Sõudepaat;D;DULKAN;290 D;2014;Sünt. kangas;2,9;;1
08.03.2017;Väikelaev;Mootorpaat;D;BELLA;450TL;1985;Plastik;4,4;;1
08.03.2017;Väikelaev;Mootorpaat;C;CRESCENT;495;1988;Plastik;4,68;;1
08.03.2017;Väikelaev;Mootorpaat;C;MARITIM;SCANTIC 500 HT;1976;Plastik;4,95;;1
08.03.2017;Väikelaev;Mootorpaat;B;NIMBUS;280 COUPE;2000;Plastik;8,6;;1
09.03.2017;Väikelaev;Sõudepaat;C;KOLIBRI;KM 280;2015;Sünt. kangas;2,8;Uus sõiduk;1
09.03.2017;Väikelaev;Mootorpaat;D;NORD;460D;2016;Plastik;4,6;Uus sõiduk;2
10.03.2017;Alla 12m laev;Kalapaat;C;ROBUST;16;2017;Plastik;5,1;Uus sõiduk;1
10.03.2017;Väikelaev;Sõudepaat;D;TERHI;SUNNY;2016;Plastik;3,1;Uus sõiduk;1
10.03.2017;Väikelaev;Mootorpaat;C;DULKAN;D325;2016;Sünt. kangas;3,25;Uus sõiduk;1
10.03.2017;Väikelaev;Mootorpaat;C;DULKAN;D-325 DZ;2017;Sünt. kangas;3,25;Uus sõiduk;1
10.03.2017;Väikelaev;Mootorpaat;D;YAMARIN;4110;2002;Plastik;4,25;;1
10.03.2017;Väikelaev;Mootorpaat;D;KASSE;455 R;2017;Plastik;4,57;Uus sõiduk;1
10.03.2017;Väikelaev;Mootorpaat;C;BENSOW;575;1980;Plastik;5,8;;1
13.03.2017;Väikelaev;Sõudepaat;D;ASTRA;315;2015;Plastik;3,15;Uus sõiduk;1
13.03.2017;Väikelaev;Mootorpaat;C;DULKAN;D370;2017;Sünt. kangas;3,7;Uus sõiduk;1
14.03.2017;Väikelaev;Sõudepaat;D;NORDLINE;42;2017;Muu;4,2;Uus sõiduk;1
15.03.2017;Väikelaev;Mootorpaat;C;KOLIBRI;KM 330;2014;Sünt. kangas;3,3;;1
15.03.2017;Väikelaev;Mootorpaat;C;AMBER;365;2016;Plastik;3,65;Uus sõiduk;1
15.03.2017;Väikelaev;Sõudepaat;D;KASSE;430;2014;Plastik;4,27;;1
15.03.2017;Väikelaev;Sõudepaat;D;KASSE;430;2010;Plastik;4,3;;2
15.03.2017;Väikelaev;Sõudepaat;D;KASSE;430;2011;Plastik;4,3;;1
16.03.2017;Väikelaev;Mootorpaat;D;PERLA;402;2016;Plastik;4;Uus sõiduk;1
16.03.2017;Väikelaev;Mootorpaat;C;AMBER;430;2014;Plastik;4,3;;1
16.03.2017;Väikelaev;Mootorpaat;C;ASTRA;435;2017;Plastik;4,3;Uus sõiduk;1
16.03.2017;Väikelaev;Mootorpaat;D;SEILSAT;C440A;2016;Plastik;4,4;Uus sõiduk;1
16.03.2017;Väikelaev;Mootorpaat;C;XO;270 RS CABIN OB;2016;Alumiinium;8,6;Uus sõiduk;1
18.03.2017;Väikelaev;Sõudepaat;D;RAPID;300;2007;Sünt. kangas;3;;1
18.03.2017;Väikelaev;Mootorpaat;C;DULKAN;D-325 DZ;2017;Sünt. kangas;3,25;Uus sõiduk;1
20.03.2017;Väikelaev;Sõudepaat;D;AKVEREX;TRELO;2016;Plastik;3,35;Uus sõiduk;1
20.03.2017;Väikelaev;Mootorpaat;C;DULKAN;D345;2017;Sünt. kangas;3,45;Uus sõiduk;1
20.03.2017;Väikelaev;Sõudepaat;D;ALUMACRAFT;1236 JON;2016;Alumiinium;3,66;Uus sõiduk;1
20.03.2017;Väikelaev;Mootorpaat;D;VATOR;15;1980;Plastik;4,2;;1
21.03.2017;Väikelaev;Mootorpaat;D;DULKAN;D-290 DL;2017;Sünt. kangas;2,9;Uus sõiduk;1
21.03.2017;Väikelaev;Sõudepaat;D;AQUA STORM;STM300;2016;Sünt. kangas;3;Uus sõiduk;1
21.03.2017;Väikelaev;Mootorpaat;C;DULKAN;D325;2017;Sünt. kangas;3,25;Uus sõiduk;1
21.03.2017;Väikelaev;Mootorpaat;C;VIAMARE;330 ALU;2016;Sünt. kangas;3,3;;1
21.03.2017;Väikelaev;Mootorpaat;D;TERHI;400;2017;Plastik;4,01;Uus sõiduk;1
21.03.2017;Väikelaev;Mootorpaat;C;LATREX;430;2016;Plastik;4,3;Uus sõiduk;1
22.03.2017;Alla 12m laev;Kalapaat;D;KASSE;455R;2017;Plastik;4,57;Uus sõiduk;1
22.03.2017;Alla 12m laev;Kalapaat;D;CURSUS;550 ;2017;Plastik;5,4;Uus sõiduk;1
22.03.2017;Väikelaev;Sõudepaat;C;Z-RAY;III 400;2010;Sünt. kangas;3,1;;1
22.03.2017;Väikelaev;Mootorpaat;C;SEA DOO;SPEEDSTER;1998;Plastik;5,03;;1
22.03.2017;Väikelaev;Mootorpaat;C;BUSTER;LX;2011;Alumiinium;5,05;;1
22.03.2017;Väikelaev;Mootorpaat;C;BUSTER;X;2017;Alumiinium;5,25;Uus sõiduk;1
23.03.2017;Väikelaev;Sõudepaat;D;NORDLINE;29;2017;Plastik;2,95;Uus sõiduk;1
23.03.2017;Väikelaev;Mootorpaat;C;SUN CAP;605;1980;Plastik;6,05;;1
23.03.2017;Väikelaev;Mootorpaat;C;BUSTER;MAGNUM;1996;Alumiinium;6,2;;1
24.03.2017;Alla 12m laev;Kalapaat;D;KASSE;455R;2016;Plastik;4,57;Uus sõiduk;1
24.03.2017;Väikelaev;Sõudepaat;D;CATRAN;GLIDE IBP-300;2014;Sünt. kangas;2,85;;1
24.03.2017;Väikelaev;Mootorpaat;C;DULKAN;D370;2017;Sünt. kangas;3,7;Uus sõiduk;1
24.03.2017;Väikelaev;Mootorpaat;D;ASTRA;415;2016;Plastik;4,15;Uus sõiduk;1
25.03.2017;Jett;Määramata;;SEA-DOO;GTI;1996;Määramata;3,02;;1
25.03.2017;Väikelaev;Sõudepaat;D;NORDLINE;41M;2017;Plastik;4,1;Uus sõiduk;1
25.03.2017;Väikelaev;Mootorpaat;D;FINNSPORT;410;1982;Plastik;4,35;;1
25.03.2017;Väikelaev;Mootorpaat;D;C-440 A;-;2016;Plastik;4,4;Uus sõiduk;1
27.03.2017;Väikelaev;Mootorpaat;C;DULKAN;D370;2017;Sünt. kangas;3,7;Uus sõiduk;1
27.03.2017;Väikelaev;Sõudepaat;D;AKVEREX;400;2017;Plastik;4;Uus sõiduk;1
28.03.2017;Jett;Määramata;;YAMAHA;VXR;2017;Määramata;3,35;Uus sõiduk;1
28.03.2017;Väikelaev;Sõudepaat;D;VELES;275;2014;Sünt. kangas;2,75;;1
28.03.2017;Väikelaev;Mootorpaat;D;DULKAN;D-290 DL;2017;Sünt. kangas;2,9;Uus sõiduk;1
28.03.2017;Väikelaev;Mootorpaat;C;AQUA STORM;STK300;2016;Sünt. kangas;3;Uus sõiduk;1
28.03.2017;Väikelaev;Sõudepaat;C;CATRAN;MARINE 320AB;2014;Sünt. kangas;3,2;;1
28.03.2017;Väikelaev;Mootorpaat;C;GALA;A360D;2016;Plastik;3,6;Uus sõiduk;1
28.03.2017;Väikelaev;Mootorpaat;C;BRIG;FALCON 400;2017;Plastik;3,93;Uus sõiduk;1
28.03.2017;Väikelaev;Mootorpaat;C;TUNA;410;2014;Alumiinium;4,16;;1
28.03.2017;Väikelaev;Mootorpaat;D;OB;3;1987;Alumiinium;4,29;;1
28.03.2017;Väikelaev;Sõudepaat;D;KASSE;430R;2017;Plastik;4,33;Uus sõiduk;1
28.03.2017;Väikelaev;Mootorpaat;C;QUICKSILVER;460 CRUISER;2004;Plastik;4,45;;1
28.03.2017;Väikelaev;Mootorpaat;C;TUNA;460;2017;Alumiinium;4,58;Uus sõiduk;1
28.03.2017;Väikelaev;Mootorpaat;C;FLIPPER;600 SC;2017;Plastik;6,05;Uus sõiduk;1
28.03.2017;Väikelaev;Purjejaht;C;ALLEGRO;27;1976;Plastik;8,03;;1
28.03.2017;Väikelaev;Mootorpaat;C;FLIPPER;880 ST;2017;Plastik;8,52;Uus sõiduk;1
29.03.2017;Väikelaev;Mootorpaat;C;DULKAN;D370;2017;Sünt. kangas;3,7;Uus sõiduk;1
29.03.2017;Väikelaev;Sõudepaat;D;KASSE;430;2016;Plastik;4,27;Uus sõiduk;1
29.03.2017;Väikelaev;Mootorpaat;C;ASTRA;435;2016;Plastik;4,3;Uus sõiduk;1
30.03.2017;Väikelaev;Sõudepaat;D;NORDLINE;29;2017;Plastik;2,95;Uus sõiduk;1
30.03.2017;Väikelaev;Sõudepaat;D;KASSE;380 R;2016;Plastik;3,81;Uus sõiduk;1
30.03.2017;Väikelaev;Mootorpaat;C;OMEGA;TP400KU;2017;Sünt. kangas;4;Uus sõiduk;1
30.03.2017;Väikelaev;Mootorpaat;C;ZODIAC;PRO 7 MAN;2017;Sünt. kangas;4,2;Uus sõiduk;1
30.03.2017;Väikelaev;Sõudepaat;D;PELLA;NOVA;2016;Plastik;4,4;Uus sõiduk;1
30.03.2017;Väikelaev;Mootorpaat;C;FLIPPER;640 DC;2017;Plastik;6,25;Uus sõiduk;1
31.03.2017;Väikelaev;Sõudepaat;D;CHEYENNE III;400;2011;Kumm;2,84;;1
31.03.2017;Väikelaev;Mootorpaat;C;CATRAN;ENDURO 380 PG;2013;Sünt. kangas;3,8;;1
31.03.2017;Väikelaev;Sõudepaat;D;PELLA;MINI;2017;Plastik;4;Uus sõiduk;1
31.03.2017;Väikelaev;Sõudepaat;D;KASSE;430;2016;Plastik;4,27;Uus sõiduk;1
31.03.2017;Väikelaev;Mootorpaat;D;C-440;-;2016;Plastik;4,4;Uus sõiduk;1
31.03.2017;Väikelaev;Mootorpaat;C;REMUS;440;2017;Plastik;4,4;Uus sõiduk;1
31.03.2017;Väikelaev;Sõudepaat;D;ROBUST;15;2017;Plastik;4,47;Uus sõiduk;1
31.03.2017;Väikelaev;Mootorpaat;D;NORD;460D;2016;Plastik;4,6;Uus sõiduk;1
31.03.2017;Väikelaev;Mootorpaat;C;RYDS;485 FC;2000;Plastik;4,85;;1
01.04.2017;Väikelaev;Mootorpaat;C;DULKAN;D-420 DZ;2017;Sünt. kangas;4,2;Uus sõiduk;1
03.04.2017;Väikelaev;Sõudepaat;D;LATREX;275;2016;Plastik;2,75;Uus sõiduk;1
03.04.2017;Väikelaev;Sõudepaat;D;WIGRY;355;2016;Plastik;3,55;Uus sõiduk;1
03.04.2017;Väikelaev;Mootorpaat;C;REGAL;2100;2015;Sünt. kangas;6,4;Uus sõiduk;1
04.04.2017;Väikelaev;Sõudepaat;D;KASSE;430;2017;Plastik;4,27;Uus sõiduk;1
04.04.2017;Väikelaev;Mootorpaat;D;CURSUS;440;2017;Plastik;4,4;Uus sõiduk;1
05.04.2017;Alla 12m laev;Kalapaat;C;LIU PAAT OÜ;-;2001;Plastik;5;;1
05.04.2017;Väikelaev;Mootorpaat;C;DULKAN;D-325 DZ;2017;Sünt. kangas;3,25;Uus sõiduk;1
05.04.2017;Väikelaev;Mootorpaat;C;RUNOS;RY B330;2015;Sünt. kangas;3,3;Uus sõiduk;1
05.04.2017;Väikelaev;Mootorpaat;D;VELES;330;2015;Sünt. kangas;3,3;Uus sõiduk;1
05.04.2017;Väikelaev;Sõudepaat;D;AKVEREX;TRELO;2017;Plastik;3,35;Uus sõiduk;1
05.04.2017;Väikelaev;Mootorpaat;C;REMUS;420;2016;Plastik;4,26;Uus sõiduk;1
05.04.2017;Väikelaev;Sõudepaat;D;KASSE;430;2017;Plastik;4,27;Uus sõiduk;1
05.04.2017;Väikelaev;Mootorpaat;D;BELLA;440TL;1984;Plastik;4,4;;1
05.04.2017;Väikelaev;Mootorpaat;C;SEA RAY;175;2010;Plastik;5,3;;1
05.04.2017;Väikelaev;Mootorpaat;B;AXOPAR;37C;2017;Plastik;11,2;Uus sõiduk;1
06.04.2017;Väikelaev;Sõudepaat;D;CATRAN;GLIDE IBP-285;2014;Sünt. kangas;2,65;;1
06.04.2017;Väikelaev;Mootorpaat;C;BUSH;CRAB K-360;2017;Sünt. kangas;3,6;Uus sõiduk;1
06.04.2017;Väikelaev;Mootorpaat;D;C-440;-;2016;Plastik;4,4;Uus sõiduk;1
06.04.2017;Väikelaev;Mootorpaat;C;TERHI;445 C;2017;Plastik;4,45;Uus sõiduk;1
06.04.2017;Väikelaev;Mootorpaat;C;BUSTER;M;2003;Alumiinium;4,6;;1
06.04.2017;Väikelaev;Mootorpaat;C;MICROPLUS;-;1997;Plastik;5;;1
06.04.2017;Väikelaev;Mootorpaat;C;SILVER;WOLF DC510;2015;Alumiinium;5,1;Uus sõiduk;1
07.04.2017;Väikelaev;Mootorpaat;D;CATRAN;MARINE 320AB ;2014;Sünt. kangas;3,2;;1
07.04.2017;Väikelaev;Mootorpaat;C;DULKAN;D-325 DZ;2017;Sünt. kangas;3,25;Uus sõiduk;1
07.04.2017;Väikelaev;Mootorpaat;D;PERLA;402;2017;Plastik;4;Uus sõiduk;1
07.04.2017;Väikelaev;Mootorpaat;C;CATRAN;MARINE 420 AB;2014;Sünt. kangas;4,2;;1
07.04.2017;Väikelaev;Mootorpaat;D;MARINO;-;1985;Plastik;4,25;;1
07.04.2017;Väikelaev;Mootorpaat;C;AMBER;430;2016;Plastik;4,3;Uus sõiduk;1
07.04.2017;Väikelaev;Mootorpaat;C;TERHI;445 C;2017;Plastik;4,45;Uus sõiduk;1
07.04.2017;Väikelaev;Mootorpaat;D;PERLA;455;2016;Plastik;4,5;Uus sõiduk;1
07.04.2017;Väikelaev;Mootorpaat;D;NORD;460D;2016;Plastik;4,6;Uus sõiduk;1
07.04.2017;Väikelaev;Mootorpaat;C;FISKARI;25;1980;Plastik;7,5;;1
07.04.2017;Väikelaev;Mootorpaat;B;BAYLINER;285 SB;2000;Plastik;8,76;;1
07.04.2017;Väikelaev;Purjejaht;B;BOSTRÖM;B31;1973;Plastik;9,34;;1
08.04.2017;Väikelaev;Mootorpaat;C;GLADIATOR;330;2016;Sünt. kangas;3,3;Uus sõiduk;1
10.04.2017;Alla 12m laev;Tööpaat ;C;MÄÄRAMATA;-;1984;Alumiinium;10,3;;1
10.04.2017;Väikelaev;Mootorpaat;D;TERHI;415 R;1988;Plastik;4,15;;1
10.04.2017;Väikelaev;Sõudepaat;D;KASSE;430;2017;Plastik;4,27;Uus sõiduk;1
10.04.2017;Väikelaev;Mootorpaat;D;SKIPP;440;2016;Plastik;4,4;Uus sõiduk;1
10.04.2017;Väikelaev;Mootorpaat;D;PERLA;530;2017;Plastik;5,45;Uus sõiduk;1
10.04.2017;Väikelaev;Mootorpaat;C;DAHL;DAHL20;2017;Plastik;6,15;Uus sõiduk;1
10.04.2017;Väikelaev;Mootorpaat;C;PANTHER;22;2014;Plastik;6,81;;1
10.04.2017;Väikelaev;Mootorpaat;C;MARE;R75;2017;Plastik;7,5;Uus sõiduk;1
10.04.2017;Väikelaev;Mootorpaat;C;ANYTEC;750 SPD;2017;Alumiinium;8,08;Uus sõiduk;1
11.04.2017;Väikelaev;Mootorpaat;C;AQUA STORM;STK330;2016;Sünt. kangas;3,3;Uus sõiduk;1
11.04.2017;Väikelaev;Sõudepaat;D;LATREX;335;2016;Plastik;3,35;Uus sõiduk;1
11.04.2017;Väikelaev;Mootorpaat;C;DULKAN;D-370 DZ;2017;Sünt. kangas;3,7;Uus sõiduk;1
11.04.2017;Väikelaev;Sõudepaat;D;NORDLINE;38;2017;Plastik;3,8;Uus sõiduk;1
11.04.2017;Väikelaev;Sõudepaat;D;NORDLINE;42;2017;Plastik;4,2;Uus sõiduk;1
11.04.2017;Väikelaev;Sõudepaat;D;KASSE;430;2017;Plastik;4,27;Uus sõiduk;1
11.04.2017;Väikelaev;Sõudepaat;D;KASSE;455 R;2017;Plastik;4,57;Uus sõiduk;1
11.04.2017;Väikelaev;Mootorpaat;C;SILVER;WOLF DC510;2015;Alumiinium;5,1;Uus sõiduk;1
11.04.2017;Väikelaev;Mootorpaat;C;BAYLINER CAPRI;1952;1988;Plastik;5,82;;1
11.04.2017;Väikelaev;Purjejaht;B;COMFORT;30;1979;Plastik;9,09;;1
12.04.2017;Väikelaev;Sõudepaat;D;OMAVALMISTATUD;-;1990;Plastik;2,43;;1
12.04.2017;Väikelaev;Mootorpaat;C;DULKAN;D345;2017;Sünt. kangas;3,45;Uus sõiduk;1
12.04.2017;Väikelaev;Mootorpaat;C;AMBER;365;2017;Plastik;3,65;Uus sõiduk;1
12.04.2017;Väikelaev;Mootorpaat;D;MALIBU;450;1996;Plastik;4,15;;1
12.04.2017;Väikelaev;Mootorpaat;C;TUNA;410;2017;Alumiinium;4,16;Uus sõiduk;2
12.04.2017;Väikelaev;Mootorpaat;C;AMBER;430;2017;Plastik;4,3;Uus sõiduk;1
12.04.2017;Väikelaev;Mootorpaat;D;KASSE;455 R;2017;Plastik;4,57;Uus sõiduk;1
12.04.2017;Väikelaev;Mootorpaat;C;CONRAD;900M;1988;Plastik;9,1;;1
12.04.2017;Väikelaev;Purjejaht;A;ITALIA;9.98 FUORISERIE;2016;Plastik;9,98;Uus sõiduk;1
13.04.2017;Väikelaev;Mootorpaat;C;DULKAN;D-325 DZ;2017;Sünt. kangas;3,25;Uus sõiduk;1
13.04.2017;Väikelaev;Sõudepaat;D;LATREX;335;2017;Plastik;3,35;Uus sõiduk;1
13.04.2017;Väikelaev;Mootorpaat;D;PERLA;402;2017;Plastik;4;Uus sõiduk;1
13.04.2017;Väikelaev;Mootorpaat;D;TERHI;415 R;1989;Plastik;4,15;;1
13.04.2017;Väikelaev;Mootorpaat;D;WELLMAR;42;2014;Alumiinium;4,2;;1
13.04.2017;Väikelaev;Mootorpaat;C;REMUS;470;2017;Plastik;4,7;Uus sõiduk;1
13.04.2017;Väikelaev;Mootorpaat;C;YAMARIN;475DC;1987;Plastik;4,75;;1
15.04.2017;Jett;Määramata;D;YAMAHA;760;1996;Määramata;2,85;;1
15.04.2017;Väikelaev;Mootorpaat;D;WIGRY;310/315;2016;Plastik;3,1;Uus sõiduk;1
17.04.2017;Väikelaev;Mootorpaat;C;DULKAN;D-325 DZ;2017;Sünt. kangas;3,25;Uus sõiduk;1
17.04.2017;Väikelaev;Mootorpaat;C;DULKAN;D370;2017;Sünt. kangas;3,7;Uus sõiduk;1
17.04.2017;Väikelaev;Sõudepaat;D;NORDLINE;42;2017;Plastik;4,2;Uus sõiduk;1
17.04.2017;Väikelaev;Mootorpaat;C;SILVER;EAGLE BR 640;2017;Alumiinium;6,4;Uus sõiduk;1
18.04.2017;Alla 12m laev;Kalapaat;C;LATREX;430 ;2016;Plastik;4,3;Uus sõiduk;1
18.04.2017;Väikelaev;Sõudepaat;D;VELES;300;2013;Sünt. kangas;3;;1
18.04.2017;Väikelaev;Mootorpaat;C;DULKAN;325;2014;Sünt. kangas;3,25;;1
18.04.2017;Väikelaev;Mootorpaat;D;MAJAK;-;1999;Plastik;3,9;;1
18.04.2017;Väikelaev;Sõudepaat;D;PELLA;-;1984;Plastik;4,2;;1
18.04.2017;Väikelaev;Mootorpaat;D;KASSE;455 R;2017;Plastik;4,57;Uus sõiduk;1
18.04.2017;Väikelaev;Mootorpaat;C;OMAVALMISTATUD;-;1975;Plastik;4,85;;1
18.04.2017;Väikelaev;Mootorpaat;C;LARSEN B;920;2017;Plastik;9,2;Uus sõiduk;1
19.04.2017;Väikelaev;Mootorpaat;D;DULKAN;325;2013;Sünt. kangas;3,25;;1
19.04.2017;Väikelaev;Mootorpaat;C;JENHAL;Y 330;2015;Sünt. kangas;3,25;Uus sõiduk;1
19.04.2017;Väikelaev;Mootorpaat;D;MAJAK;-;1999;Plastik;3,9;;1
19.04.2017;Väikelaev;Mootorpaat;C;TUNA;410 OC;2015;Alumiinium;4,16;Uus sõiduk;1
19.04.2017;Väikelaev;Mootorpaat;C;LATREX;430;2015;Plastik;4,3;;1
19.04.2017;Väikelaev;Mootorpaat;D;HIIU;450;2016;Plastik;4,5;Uus sõiduk;1
20.04.2017;Väikelaev;Sõudepaat;D;LATREX;440;2014;Plastik;4,4;;1
20.04.2017;Väikelaev;Mootorpaat;C;LIAN YA;WAVEMASTER HYP520;2015;Sünt. kangas;5,2;Uus sõiduk;1
21.04.2017;Alla 12m laev;Kalapaat;C;ROBUST;16;2017;Plastik;5,1;Uus sõiduk;1
21.04.2017;Väikelaev;Sõudepaat;D;SAVA;285;2015;Plastik;2,85;;1
21.04.2017;Väikelaev;Sõudepaat;D;NORDLINE;29;2017;Plastik;2,95;Uus sõiduk;1
21.04.2017;Väikelaev;Mootorpaat;D;VELES;400;2016;Sünt. kangas;4;Uus sõiduk;1
21.04.2017;Väikelaev;Mootorpaat;D;MÄÄRAMATA;-;1985;Plastik;4,4;;1
21.04.2017;Väikelaev;Mootorpaat;C;ROMANA;460;2015;Plastik;4,6;Uus sõiduk;1
21.04.2017;Väikelaev;Mootorpaat;C;ALAMARIN;-;1986;Plastik;5,1;;1
21.04.2017;Väikelaev;Sõudepaat;D;NORDLINE;51;2017;Plastik;5,15;Uus sõiduk;1
21.04.2017;Väikelaev;Purjejaht;C;ALBIN;VEGA;1976;Plastik;8,25;;1
21.04.2017;Väikelaev;Mootorpaat;C;MARINO;8000;1987;Plastik;8,7;;1
22.04.2017;Väikelaev;Mootorpaat;C;KOLIBRI;KM 330;2016;Sünt. kangas;3,3;Uus sõiduk;1
22.04.2017;Väikelaev;Sõudepaat;D;D-375;-;2016;Plastik;3,75;Uus sõiduk;1
22.04.2017;Väikelaev;Sõudepaat;D;KASSE;430;2016;Plastik;4,27;Uus sõiduk;1
24.04.2017;Väikelaev;Mootorpaat;D;GALA;R300;2016;Plastik;3;Uus sõiduk;1
24.04.2017;Väikelaev;Sõudepaat;D;PELLA;MINI;2010;Plastik;4;;1
24.04.2017;Väikelaev;Mootorpaat;C;DULKAN;D-400;2016;Sünt. kangas;4;Uus sõiduk;1
24.04.2017;Väikelaev;Mootorpaat;C;RAIS-SPORT;510;1985;Plastik;5,1;;1
24.04.2017;Väikelaev;Mootorpaat;C;FASTER;525 SC;2016;Alumiinium;5,25;Uus sõiduk;1
25.04.2017;Väikelaev;Sõudepaat;D;AQUA STORM;STM300;2016;Sünt. kangas;3;Uus sõiduk;1
25.04.2017;Väikelaev;Mootorpaat;D;SEA PRO;CD 320;2012;Sünt. kangas;3,2;;1
25.04.2017;Väikelaev;Mootorpaat;D;JAGO;320;2013;Sünt. kangas;3,2;;1
25.04.2017;Väikelaev;Mootorpaat;C;DULKAN;D-325 DZ;2017;Sünt. kangas;3,25;Uus sõiduk;1
25.04.2017;Väikelaev;Mootorpaat;C;BUSH;B 330;2017;Sünt. kangas;3,3;Uus sõiduk;1
25.04.2017;Väikelaev;Sõudepaat;D;PELLA;-;1984;Plastik;4,16;;1
25.04.2017;Väikelaev;Mootorpaat;C;QUICKSILVER;420;1999;Plastik;4,2;;1
25.04.2017;Väikelaev;Sõudepaat;D;KASSE;430R;2016;Plastik;4,33;Uus sõiduk;1
25.04.2017;Väikelaev;Mootorpaat;C;FINVAL;555 FISH PRO;2017;Alumiinium;5,59;Uus sõiduk;1
25.04.2017;Väikelaev;Mootorpaat;C;FLIPPER;880 ST;2017;Plastik;8,52;Uus sõiduk;1
25.04.2017;Väikelaev;Purjejaht;A;VANCOUVER;32;1987;Plastik;9,75;;1
26.04.2017;Väikelaev;Mootorpaat;D;VELES;360;2017;Sünt. kangas;3,6;Uus sõiduk;1
26.04.2017;Väikelaev;Mootorpaat;C;HONWAVE;T38IE2;2016;Sünt. kangas;3,76;Uus sõiduk;1
26.04.2017;Väikelaev;Mootorpaat;D;BUSTER;S;1995;Alumiinium;4;;1
26.04.2017;Väikelaev;Mootorpaat;D;TERHI;SEA FUN;2004;Plastik;4,06;;1
26.04.2017;Väikelaev;Sõudepaat;D;PELLA;-;1982;Plastik;4,2;;1
26.04.2017;Väikelaev;Mootorpaat;D;DM;430;2017;Plastik;4,3;Uus sõiduk;1
26.04.2017;Väikelaev;Mootorpaat;C;CALLEGARI;B43C;1999;Plastik;4,32;;1
26.04.2017;Väikelaev;Mootorpaat;D;KASSE;455 R;2016;Plastik;4,57;Uus sõiduk;1
26.04.2017;Väikelaev;Mootorpaat;D;KASSE;455 R;2017;Plastik;4,57;Uus sõiduk;1
27.04.2017;Jett;Määramata;C;SEA-DOO;SPARK 900;2017;Määramata;2,79;Uus sõiduk;1
27.04.2017;Jett;Määramata;C;SEA-DOO;SPARK 900 HO;2017;Määramata;2,9;Uus sõiduk;1
27.04.2017;Jett;Määramata;C;SEA-DOO;RXP-X 300 RS;2017;Määramata;3,32;Uus sõiduk;1
27.04.2017;Jett;Määramata;C;SEA-DOO;GTX LTD 300;2017;Määramata;3,54;Uus sõiduk;1
27.04.2017;Väikelaev;Mootorpaat;C;HONWAVE;T40AE2;2016;Sünt. kangas;3,95;Uus sõiduk;1
27.04.2017;Väikelaev;Mootorpaat;D;MÄÄRAMATA;-;1985;Plastik;4,05;;1
27.04.2017;Väikelaev;Mootorpaat;C;ASTRA;435 SILVERFISH;2016;Plastik;4,3;Uus sõiduk;1
27.04.2017;Väikelaev;Mootorpaat;C;FJORDSTAR;450;2016;Kumm;4,5;Uus sõiduk;1
27.04.2017;Väikelaev;Mootorpaat;C;NORD;480;2012;Plastik;4,7;;1
27.04.2017;Väikelaev;Mootorpaat;C;PARKER;750 CABIN CRUISER ;2015;Plastik;6,95;Uus sõiduk;1
27.04.2017;Väikelaev;Mootorpaat;C;YAMARIN CROSS;75 BR;2015;Alumiinium;7,53;Uus sõiduk;1
28.04.2017;Väikelaev;Mootorpaat;C;AQUASTAR;K350;2015;Sünt. kangas;3,5;Uus sõiduk;1
28.04.2017;Väikelaev;Mootorpaat;D;MÄÄRAMATA;-;1980;Plastik;4;;1
28.04.2017;Väikelaev;Mootorpaat;C;ROMANA;430;2017;Plastik;4,2;Uus sõiduk;1
28.04.2017;Väikelaev;Sõudepaat;D;KASSE;430;2016;Plastik;4,27;Uus sõiduk;2
28.04.2017;Väikelaev;Mootorpaat;C;FINVAL;475 EVO JS;2017;Alumiinium;4,72;Uus sõiduk;1
28.04.2017;Väikelaev;Mootorpaat;D;MÄÄRAMATA;-;1990;Plastik;4,8;;1
28.04.2017;Väikelaev;Mootorpaat;C;BELLA;550 BR;2017;Plastik;5,51;Uus sõiduk;1
29.04.2017;Väikelaev;Mootorpaat;D;TERHI;410R;1974;Plastik;4,1;;1
29.04.2017;Väikelaev;Mootorpaat;C;TUNA;410;2016;Alumiinium;4,16;Uus sõiduk;1
02.05.2017;Väikelaev;Sõudepaat;D;VELES;275;2015;Sünt. kangas;2,75;Uus sõiduk;1
02.05.2017;Väikelaev;Mootorpaat;C;SKATE;S-410;2017;Sünt. kangas;4,1;Uus sõiduk;1
02.05.2017;Väikelaev;Sõudepaat;D;KASSE;430R;2017;Plastik;4,33;Uus sõiduk;1
02.05.2017;Väikelaev;Mootorpaat;D;RIVIERA;430R;1975;Plastik;4,35;;1
02.05.2017;Väikelaev;Mootorpaat;D;SEILSAT;C440;2016;Plastik;4,4;Uus sõiduk;1
03.05.2017;Väikelaev;Sõudepaat;C;AQUA STORM;STK330;2015;Sünt. kangas;3,3;Uus sõiduk;1
03.05.2017;Väikelaev;Sõudepaat;C;OMEGA;TP330KU;2017;Sünt. kangas;3,3;Uus sõiduk;1
03.05.2017;Väikelaev;Mootorpaat;D;VELES;360;2017;Sünt. kangas;3,6;Uus sõiduk;1
03.05.2017;Väikelaev;Mootorpaat;C;OMEGA;TP400KU;2017;Sünt. kangas;4;Uus sõiduk;1
03.05.2017;Väikelaev;Mootorpaat;C;TERHI;445 C;2016;Plastik;4,45;Uus sõiduk;1
03.05.2017;Väikelaev;Mootorpaat;D;KASSE;455 R;2017;Plastik;4,57;Uus sõiduk;1
03.05.2017;Väikelaev;Mootorpaat;D;BELLA;ARROW;1990;Plastik;5,6;;1
03.05.2017;Väikelaev;Mootorpaat;C;AFB;650 F-CC;2017;Alumiinium;6,6;Uus sõiduk;1
04.05.2017;Jett;Määramata;;KAWASAKI;ULTRA 250X;2007;Määramata;3,3;;1
04.05.2017;Jett;Määramata;C;SEA-DOO;RXT-X RS 300;2017;Määramata;3,55;Uus sõiduk;1
04.05.2017;Väikelaev;Mootorpaat;C;DULKAN;D-325 DZ;2017;Sünt. kangas;3,25;Uus sõiduk;1
04.05.2017;Väikelaev;Mootorpaat;C;JENHAL;Y-380;2015;Kumm;3,77;Uus sõiduk;1
04.05.2017;Väikelaev;Mootorpaat;D;PIONER;12 MAXI;2015;Plastik;3,81;Uus sõiduk;1
04.05.2017;Väikelaev;Mootorpaat;C;DULKAN;D400;2015;Sünt. kangas;4;Uus sõiduk;1
04.05.2017;Väikelaev;Mootorpaat;D;CURSUS;440;2017;Plastik;4,4;Uus sõiduk;1
04.05.2017;Väikelaev;Mootorpaat;D;TERHI;BIG FUN;1986;Plastik;4,7;;1
04.05.2017;Väikelaev;Mootorpaat;C;UTTERN;T51 OUTBOARD;2017;Plastik;4,92;Uus sõiduk;1
04.05.2017;Väikelaev;Mootorpaat;C;DRAGO;FIESTA 550;2005;Plastik;5,45;;1
04.05.2017;Väikelaev;Mootorpaat;C;YAMARIN CROSS;64 BOW RIDER;2017;Alumiinium;6,31;Uus sõiduk;1
04.05.2017;Väikelaev;Mootorpaat;C;BUSTER;CABIN;2016;Alumiinium;6,92;Uus sõiduk;1
05.05.2017;Väikelaev;Mootorpaat;D;LATREX;335;2014;Plastik;3,35;;1
05.05.2017;Väikelaev;Mootorpaat;C;AQUA STORM;STK380;2016;Sünt. kangas;3,8;Uus sõiduk;1
05.05.2017;Väikelaev;Mootorpaat;C;DULKAN;D-400;2017;Sünt. kangas;4;Uus sõiduk;1
05.05.2017;Väikelaev;Mootorpaat;C;BUSH;B-400;2016;Sünt. kangas;4,05;Uus sõiduk;1
05.05.2017;Väikelaev;Mootorpaat;D;ASTRA;430 SILVERFISH;2016;Plastik;4,3;Uus sõiduk;1
05.05.2017;Väikelaev;Mootorpaat;D;SKIPP;440;2017;Plastik;4,4;Uus sõiduk;1
05.05.2017;Väikelaev;Mootorpaat;D;HIRVAS;440T;1986;Plastik;4,4;;1
05.05.2017;Väikelaev;Mootorpaat;D;C-440;-;2016;Plastik;4,4;;1
05.05.2017;Väikelaev;Sõudepaat;D;ROBUST;15;2017;Plastik;4,47;Uus sõiduk;1
05.05.2017;Väikelaev;Mootorpaat;C;FLIPPER;515 HT;2003;Plastik;5,15;;1
06.05.2017;Väikelaev;Mootorpaat;C;BUSH;K330;2017;Sünt. kangas;3,3;Uus sõiduk;1
06.05.2017;Väikelaev;Mootorpaat;C;AQUA MARINA;BT-06360WD;2014;Sünt. kangas;3,59;;1
06.05.2017;Väikelaev;Sõudepaat;D;PELLA;NOVA;2017;Plastik;4,4;Uus sõiduk;1
06.05.2017;Väikelaev;Mootorpaat;C;BAYLINER;175 BR;2008;Plastik;5,3;;1
08.05.2017;Väikelaev;Sõudepaat;D;VELES;245;2016;Sünt. kangas;2,5;Uus sõiduk;1
08.05.2017;Väikelaev;Mootorpaat;C;BUSH;K-360;2017;Kumm;3,6;Uus sõiduk;1
08.05.2017;Väikelaev;Mootorpaat;D;KASSE;455 R;2017;Plastik;4,57;Uus sõiduk;1
09.05.2017;Väikelaev;Mootorpaat;C;OMAVALMISTATUD;OMAVALMISTATUD;1978;Plastik;5,5;;1
09.05.2017;Väikelaev;Mootorpaat;C;AXOPAR;28AC;2014;Plastik;9,01;;1
10.05.2017;Väikelaev;Sõudepaat;D;VELES;275;2016;Sünt. kangas;2,75;Uus sõiduk;1
10.05.2017;Väikelaev;Sõudepaat;D;PELLA;MINI;2017;Plastik;4;Uus sõiduk;1
10.05.2017;Väikelaev;Mootorpaat;C;BUSH;SKATE S-410;2017;Kumm;4,1;Uus sõiduk;1
10.05.2017;Väikelaev;Mootorpaat;D;KASSE;430;2017;Plastik;4,27;Uus sõiduk;1
10.05.2017;Väikelaev;Sõudepaat;D;MÄÄRAMATA;-;1999;Plastik;4,4;;1
10.05.2017;Väikelaev;Mootorpaat;D;HIIU;450;2016;Plastik;4,5;Uus sõiduk;1
10.05.2017;Väikelaev;Mootorpaat;C;AJALOOLINE;-;2017;Puit;9,3;Uus sõiduk;1
11.05.2017;Väikelaev;Mootorpaat;C;DULKAN;GAUJA 260 R;2017;Sünt. kangas;2,6;Uus sõiduk;1
11.05.2017;Väikelaev;Mootorpaat;C;DULKAN;D-370 DZ;2017;Sünt. kangas;3,7;Uus sõiduk;1
11.05.2017;Väikelaev;Sõudepaat;D;YAMARIN;410 BIG FISH;1991;Plastik;4,4;;1
11.05.2017;Väikelaev;Mootorpaat;C;KOLIBRI;RIB450;2015;Sünt. kangas;4,57;Uus sõiduk;1
11.05.2017;Väikelaev;Mootorpaat;C;BUSTER;LX;2016;Alumiinium;5,04;Uus sõiduk;1
11.05.2017;Väikelaev;Mootorpaat;C;OMAVALMISTATUD;-;1987;Puit;10;;1
12.05.2017;Jett;Määramata;C;KAWASAKI;JS1500A;2017;Määramata;2,7;Uus sõiduk;1
12.05.2017;Jett;Määramata;C;SEA-DOO;RXP-X 300 RS;2017;Määramata;3,32;Uus sõiduk;1
12.05.2017;Väikelaev;Mootorpaat;D;CUMULUS 164;FISHERMAN;2012;Plastik;5,05;;1
12.05.2017;Väikelaev;Mootorpaat;C;BUSTER;LE;2014;Alumiinium;5,07;;1
12.05.2017;Väikelaev;Mootorpaat;C;YAMARIN;59 DC;2017;Plastik;5,73;Uus sõiduk;1
12.05.2017;Väikelaev;Mootorpaat;C;YAMARIN CROSS;75 BR;2017;Alumiinium;7,53;Uus sõiduk;1
13.05.2017;Väikelaev;Mootorpaat;C;BUSH;CRAB K-360;2017;Sünt. kangas;3,6;Uus sõiduk;1
13.05.2017;Väikelaev;Mootorpaat;D;ROMANA;430;2015;Plastik;4,2;Uus sõiduk;1
15.05.2017;Väikelaev;Sõudepaat;D;OMAVALMISTATUD;OMAVALMISTATUD;2017;Puit;2,77;Uus sõiduk;1
15.05.2017;Väikelaev;Mootorpaat;C;BUSH;CRAB K-300;2017;Sünt. kangas;3;Uus sõiduk;1
15.05.2017;Väikelaev;Sõudepaat;D;ADMIRAL;AM 320;2017;Sünt. kangas;3,2;Uus sõiduk;1
15.05.2017;Väikelaev;Mootorpaat;C;HONWAVE;T35AE2;2015;Sünt. kangas;3,53;Uus sõiduk;1
15.05.2017;Väikelaev;Mootorpaat;C;OMEGA;TP360KU;2017;Sünt. kangas;3,6;Uus sõiduk;1
15.05.2017;Väikelaev;Mootorpaat;D;TERHI;415 R;1989;Plastik;4,15;;1
15.05.2017;Väikelaev;Mootorpaat;C;DULKAN;D-420 DZ;2017;Sünt. kangas;4,2;Uus sõiduk;1
15.05.2017;Väikelaev;Mootorpaat;C;ASTRA;435;2017;Plastik;4,3;Uus sõiduk;1
16.05.2017;Jett;Määramata;;YAMAHA;SUPER JET 700;2007;Määramata;2,18;;1
16.05.2017;Jett;Määramata;;SEA-DOO;SPARK 900 HO;2016;Määramata;2,9;Uus sõiduk;1
16.05.2017;Väikelaev;Sõudepaat;D;NORDLINE;41M;2017;Plastik;4,1;Uus sõiduk;1
16.05.2017;Väikelaev;Mootorpaat;D;RIVIERA;435R;1985;Plastik;4,35;;1
16.05.2017;Väikelaev;Mootorpaat;C;PROGRESS;3M;1990;Alumiinium;4,65;;1
16.05.2017;Väikelaev;Mootorpaat;D;OMAVALMISTATUD;-;2017;Plastik;5,08;Uus sõiduk;1
16.05.2017;Väikelaev;Mootorpaat;D;KALA-PALTA;MV;2016;Plastik;5,18;Uus sõiduk;1
16.05.2017;Väikelaev;Mootorpaat;C;-;-;1977;Plastik;6,74;;1
16.05.2017;Väikelaev;Mootorpaat;C;AXOPAR;28 CABIN/AC;2016;Plastik;9,01;Uus sõiduk;1
16.05.2017;Väikelaev;Purjejaht;A;BENETEAU;FIRST 31.7;2008;Plastik;9,5;;1
17.05.2017;Jett;Määramata;C;SEA-DOO;RXP-X 300 RS;2017;Määramata;3,32;Uus sõiduk;1
17.05.2017;Jett;Määramata;C;SEA-DOO;RXT-X RS 300;2017;Määramata;3,55;Uus sõiduk;1
17.05.2017;Väikelaev;Sõudepaat;D;ADMIRAL;AM280;2017;Kumm;2,8;Uus sõiduk;1
17.05.2017;Väikelaev;Mootorpaat;D;SEA PRO;CD 320;2012;Sünt. kangas;3,2;;1
17.05.2017;Väikelaev;Mootorpaat;D;NORDLINE;41M;2017;Plastik;4,1;Uus sõiduk;1
17.05.2017;Väikelaev;Mootorpaat;D;ASTRA;435;2017;Plastik;4,3;Uus sõiduk;1
17.05.2017;Väikelaev;Mootorpaat;C;TERHI;445 C;2017;Plastik;4,45;Uus sõiduk;1
17.05.2017;Väikelaev;Mootorpaat;C;MV-MARIN;4600;2001;Plastik;4,6;;1
17.05.2017;Väikelaev;Mootorpaat;C;BELLA;485R;2016;Plastik;4,9;Uus sõiduk;1
17.05.2017;Väikelaev;Mootorpaat;D;UTTERN;510 HT;1982;Plastik;5,1;;1
18.05.2017;Jett;Määramata;C;YAMAHA;WVT1100V;1997;Määramata;3,15;;1
18.05.2017;Väikelaev;Sõudepaat;D;SEILSAT;375;2000;Plastik;3,67;;1
18.05.2017;Väikelaev;Mootorpaat;C;BUSH;F370;2017;Kumm;3,7;Uus sõiduk;1
18.05.2017;Väikelaev;Mootorpaat;D;WHALY;370;2017;Plastik;3,7;Uus sõiduk;1
18.05.2017;Väikelaev;Mootorpaat;D;HIIU;450;2016;Plastik;4,5;Uus sõiduk;1
18.05.2017;Väikelaev;Mootorpaat;C;TUNA;460 DC;2016;Alumiinium;4,58;Uus sõiduk;1
18.05.2017;Väikelaev;Mootorpaat;D;METEOR;SPORT;1989;Plastik;4,75;;1
18.05.2017;Väikelaev;Mootorpaat;C;SILVER;HAWK 520 DC;1999;Alumiinium;5,2;;1
18.05.2017;Väikelaev;Purjejaht;C;SEASKIP;REBELL 2;1984;Plastik;7,6;;1
18.05.2017;Väikelaev;Mootorpaat;C;BAYLINER;2455 CIERA;1988;Plastik;8,21;;1
18.05.2017;Väikelaev;Purjejaht;C;MAXI;FENIX;1982;Plastik;8,3;;1
18.05.2017;Väikelaev;Purjejaht;C;MAXI;FENIX;1985;Plastik;8,34;;1
19.05.2017;Jett;Määramata;C;SEA-DOO;SPARK 900;2017;Määramata;2,83;Uus sõiduk;1
19.05.2017;Jett;Määramata;C;SEA-DOO;RXP-X 300 RS;2016;Määramata;3,32;Uus sõiduk;1
19.05.2017;Väikelaev;Sõudepaat;D;WHALY;270;2017;Plastik;2,7;Uus sõiduk;1
19.05.2017;Väikelaev;Sõudepaat;C;STORM;LU-340;2016;Sünt. kangas;3,38;;1
19.05.2017;Väikelaev;Mootorpaat;C;DULKAN;D-370 DZ;2017;Sünt. kangas;3,7;Uus sõiduk;1
19.05.2017;Väikelaev;Sõudepaat;D;KASSE;430;2017;Plastik;4,27;Uus sõiduk;2
19.05.2017;Väikelaev;Sõudepaat;D;KASSE;430R;2017;Plastik;4,33;Uus sõiduk;1
19.05.2017;Väikelaev;Mootorpaat;C;TERHI;NORDIC 6020;2006;Plastik;4,62;;1
19.05.2017;Väikelaev;Purjejaht;C;ALBIN;EXPRESS;1979;Plastik;7,77;;1
20.05.2017;Väikelaev;Mootorpaat;D;DULKAN;290 DL;2016;Sünt. kangas;2,9;Uus sõiduk;1
20.05.2017;Väikelaev;Mootorpaat;C;DULKAN;D325;2017;Sünt. kangas;3,25;Uus sõiduk;1
20.05.2017;Väikelaev;Mootorpaat;C;DULKAN;RIB-360MR;2017;Sünt. kangas;3,6;Uus sõiduk;1
22.05.2017;Väikelaev;Sõudepaat;D;BUSH;U-280;2016;Sünt. kangas;2,8;Uus sõiduk;1
22.05.2017;Väikelaev;Mootorpaat;C;HONWAVE;T35AE2;2016;Sünt. kangas;3,53;Uus sõiduk;1
22.05.2017;Väikelaev;Mootorpaat;C;DULKAN;D-400;2017;Sünt. kangas;4;Uus sõiduk;1
22.05.2017;Väikelaev;Mootorpaat;C;STING;485 A;2016;Plastik;4,88;Uus sõiduk;1
22.05.2017;Väikelaev;Mootorpaat;C;MÄÄRAMATA;-;1976;Plastik;5;;1
22.05.2017;Väikelaev;Mootorpaat;C;YAMARIN CROSS;57 BOW RIDER;2017;Alumiinium;5,66;Uus sõiduk;1
22.05.2017;Väikelaev;Mootorpaat;C;NORDKAPP;NOBLESSE 605;2016;Plastik;6,06;Uus sõiduk;1
22.05.2017;Väikelaev;Mootorpaat;C;XO;240 RS;2014;Alumiinium;7,52;;1
23.05.2017;Jett;Määramata;C;SEA-DOO;SPARK 900 HO;2016;Määramata;2,79;Uus sõiduk;1
23.05.2017;Jett;Määramata;C;SEA-DOO;RXT-X RS 300;2017;Määramata;3,55;Uus sõiduk;1
23.05.2017;Väikelaev;Mootorpaat;C;JENHAL;Y 330;2016;Sünt. kangas;3,25;Uus sõiduk;1
23.05.2017;Väikelaev;Mootorpaat;D;RIVAL MINI;360;2017;Plastik;3,6;Uus sõiduk;1
23.05.2017;Väikelaev;Mootorpaat;D;MAKKO-MUOVI;NAPOSTELLA;1978;Plastik;4,25;;1
23.05.2017;Väikelaev;Mootorpaat;D;C-440;-;2017;Plastik;4,4;Uus sõiduk;1
23.05.2017;Väikelaev;Mootorpaat;D;UTTERN;4700;1989;Plastik;4,7;;1
23.05.2017;Väikelaev;Mootorpaat;C;ALUNAUT;AC-18CC;2017;Alumiinium;5,45;Uus sõiduk;1
23.05.2017;Väikelaev;Mootorpaat;C;ALUNAUT;AC-18XC;2017;Alumiinium;5,45;Uus sõiduk;1
23.05.2017;Väikelaev;Mootorpaat;C;FOUR WINNS;SUNDOWNER 215;1993;Plastik;6,5;;1
23.05.2017;Väikelaev;Mootorpaat;C;OMAVALMISTATUD;-;1975;Plastik;7,25;;1
23.05.2017;Väikelaev;Purjejaht;C;TUR;80;1979;Plastik;7,95;;1
24.05.2017;Alla 12m laev;Kalapaat;D;ASTRA RIVAL;430 ;2017;Plastik;4,3;Uus sõiduk;1
24.05.2017;Väikelaev;Mootorpaat;C;OMEGA;TP385K;2017;Sünt. kangas;3,85;Uus sõiduk;1
24.05.2017;Väikelaev;Mootorpaat;D;KRÕM;-;1986;Alumiinium;4,3;;1
24.05.2017;Väikelaev;Sõudepaat;D;SAKA;440;2009;Plastik;4,4;;1
24.05.2017;Väikelaev;Mootorpaat;C;VENA;450;2016;Plastik;4,5;Uus sõiduk;1
24.05.2017;Väikelaev;Mootorpaat;C;BUSTER;S;2006;Alumiinium;4,58;;1
24.05.2017;Väikelaev;Mootorpaat;C;TERHI;NORDIC 6020 C;2017;Plastik;4,62;Uus sõiduk;1
24.05.2017;Väikelaev;Mootorpaat;D;KRÕM;M;1983;Alumiinium;4,64;;1
24.05.2017;Väikelaev;Mootorpaat;C;LARSEN B;T-530;2017;Plastik;5,3;Uus sõiduk;1
24.05.2017;Väikelaev;Mootorpaat;C;YAMARIN;540 BIG GAME;1990;Plastik;5,4;;1
24.05.2017;Väikelaev;Mootorpaat;C;PICTON;-;1988;Alumiinium;6,25;;1
24.05.2017;Väikelaev;Mootorpaat;C;KALAMARIE;I6.7;2017;Alumiinium;6,7;Uus sõiduk;1
25.05.2017;Väikelaev;Mootorpaat;D;NAVIGATOR BALTIC;360 AIR NEW;2017;Sünt. kangas;3,6;Uus sõiduk;1
25.05.2017;Väikelaev;Sõudepaat;D;NORDLINE;42;2017;Plastik;4,2;Uus sõiduk;1
25.05.2017;Väikelaev;Mootorpaat;C;BUSTER;L;2001;Alumiinium;4,9;;1
25.05.2017;Väikelaev;Mootorpaat;C;DELFIN TORNADO;DC 21;1980;Plastik;6,1;;1
25.05.2017;Väikelaev;Mootorpaat;C;BELLA;9000;2017;Plastik;9,12;Uus sõiduk;1
25.05.2017;Väikelaev;Purjejaht;B;HELMSMAN;31;1976;Plastik;9,3;;1
26.05.2017;Jett;Määramata;;SEA DOO;XP;1997;Määramata;2,72;;1
26.05.2017;Jett;Määramata;C;SEA-DOO;RXP-X 300 RS;2017;Määramata;3,32;Uus sõiduk;1
26.05.2017;Väikelaev;Sõudepaat;D;JILONG;FISHMAN II 400;2017;Sünt. kangas;2,95;Uus sõiduk;1
26.05.2017;Väikelaev;Mootorpaat;D;D-375;-;2001;Plastik;3,75;;1
26.05.2017;Väikelaev;Mootorpaat;D;TERHI;SEA FUN;1990;Plastik;4,01;;1
26.05.2017;Väikelaev;Sõudepaat;D;NORDLINE;42;2017;Plastik;4,2;Uus sõiduk;1
26.05.2017;Väikelaev;Mootorpaat;C;AMBER;430;2017;Plastik;4,3;Uus sõiduk;1
26.05.2017;Väikelaev;Sõudepaat;D;MV MARIN;450-R;1987;Plastik;4,5;;1
26.05.2017;Väikelaev;Mootorpaat;D;BELLA;451TL;1993;Plastik;4,5;;1
26.05.2017;Väikelaev;Mootorpaat;D;MÄÄRAMATA;-;1969;Puit;5,3;;1
26.05.2017;Väikelaev;Purjejaht;C;MIRROR OFFSHORE;-;1976;Plastik;5,8;;1
26.05.2017;Väikelaev;Mootorpaat;C;BUSTER;CABIN;2014;Alumiinium;6,92;;1
27.05.2017;Väikelaev;Sõudepaat;D;CHEYENNE I;400;2011;Sünt. kangas;3,02;;1
27.05.2017;Väikelaev;Sõudepaat;D;OMAVALMISTATUD;-;1994;Plastik;3,35;;1
29.05.2017;Jett;Määramata;;YAMAHA;EX DELUXE;2017;Määramata;3,14;Uus sõiduk;1
29.05.2017;Väikelaev;Sõudepaat;C;SUZUMAR;DS-360 AL;2017;Kumm;3,56;Uus sõiduk;1
29.05.2017;Väikelaev;Mootorpaat;C;TUNA;410;2017;Alumiinium;4,16;Uus sõiduk;1
29.05.2017;Väikelaev;Mootorpaat;B;CARMELA;-;1965;Plastik;4,6;;1
29.05.2017;Väikelaev;Mootorpaat;C;FLIPPER;575 HT;1984;Plastik;5,75;;1
30.05.2017;Jett;Määramata;;SEA DOO;3D;2004;Määramata;2,72;;1
30.05.2017;Jett;Määramata;C;SEA-DOO;SPARK 900;2017;Määramata;2,83;Uus sõiduk;1
30.05.2017;Jett;Määramata;C;SEA-DOO;GTR-X 230;2017;Määramata;3,32;Uus sõiduk;1
30.05.2017;Jett;Määramata;C;SEA-DOO;RXP-X 300 RS;2017;Määramata;3,32;Uus sõiduk;1
30.05.2017;Jett;Määramata;C;SEA-DOO;GTX LTD 300;2017;Määramata;3,54;Uus sõiduk;1
30.05.2017;Väikelaev;Mootorpaat;D;SILVER;COLIBRI;2007;Alumiinium;4,07;;1
30.05.2017;Väikelaev;Sõudepaat;D;KASSE;430;2016;Plastik;4,27;Uus sõiduk;1
30.05.2017;Väikelaev;Sõudepaat;D;KASSE;430;2017;Plastik;4,27;Uus sõiduk;2
30.05.2017;Väikelaev;Sõudepaat;D;KASSE;430R;2017;Plastik;4,33;Uus sõiduk;1
30.05.2017;Väikelaev;Mootorpaat;C;CASTELLO;61 HT;2016;Plastik;6,05;Uus sõiduk;1
30.05.2017;Väikelaev;Mootorpaat;B;QUICKSILVER;ACTIV 855 WEEKEND;2017;Plastik;7,99;Uus sõiduk;1
31.05.2017;Jett;Määramata;;SEA DOO;GTR 230;2016;Määramata;3,37;Uus sõiduk;1
31.05.2017;Väikelaev;Mootorpaat;D;AVTOBOT;-;1986;Alumiinium;3,5;;1
31.05.2017;Väikelaev;Sõudepaat;D;MÄÄRAMATA;-;1979;Plastik;3,92;;1
31.05.2017;Väikelaev;Mootorpaat;D;SKIPP;440;2016;Plastik;4,4;Uus sõiduk;1
31.05.2017;Väikelaev;Sõudepaat;D;PELLA;NOVA;2016;Plastik;4,4;Uus sõiduk;1
31.05.2017;Väikelaev;Mootorpaat;D;SUVI;4500;1999;Plastik;4,5;;1
31.05.2017;Väikelaev;Mootorpaat;C;TERHI;6020;2000;Plastik;4,6;;1
31.05.2017;Väikelaev;Mootorpaat;C;FLETCHER;21GTS;2001;Plastik;6,5;;1
31.05.2017;Väikelaev;Purjejaht;B;GUYLINE;822;1990;Plastik;8,22;;1
31.05.2017;Väikelaev;Mootorpaat;B;JEANNEAU;NC 9;2016;Plastik;9,12;Uus sõiduk;1
01.06.2017;Jett;Määramata;C;KAWASAKI;JS1500A;2017;Määramata;2,66;Uus sõiduk;1
01.06.2017;Väikelaev;Mootorpaat;D;DULKAN;D290;2016;Sünt. kangas;2,9;Uus sõiduk;1
01.06.2017;Väikelaev;Sõudepaat;C;CATRAN;ENDURO 320PG;2014;Sünt. kangas;3,2;;1
01.06.2017;Väikelaev;Sõudepaat;D;ADMIRAL;AM290;2017;Kumm;3,2;Uus sõiduk;1
01.06.2017;Väikelaev;Mootorpaat;D;PIONER;10 CLASSIC;2016;Plastik;3,23;Uus sõiduk;1
01.06.2017;Väikelaev;Mootorpaat;C;ALEX;450;2017;Plastik;4,45;Uus sõiduk;1
01.06.2017;Väikelaev;Mootorpaat;C;SEA DOO;150 SPEEDSTER;2012;Plastik;4,67;;1
01.06.2017;Väikelaev;Mootorpaat;C;DULKAN;RIB-500;2017;Plastik;5;Uus sõiduk;1
01.06.2017;Väikelaev;Purjejaht;D;OMAVALMISTATUD;TRIMARAAN;2017;Puit;5,5;Uus sõiduk;1
01.06.2017;Väikelaev;Mootorpaat;C;BAYLINER;192 CU;2004;Plastik;5,6;;1
01.06.2017;Väikelaev;Mootorpaat;C;BUSTER;XXL CABIN;2012;Alumiinium;6,57;;1
01.06.2017;Väikelaev;Mootorpaat;C;BAJA;272 SHOOTER;1992;Plastik;8,41;;1
01.06.2017;Väikelaev;Purjejaht;B;SEPARAT;900;1977;Plastik;9;;1
02.06.2017;Jett;Määramata;;SEA DOO;RX DI;2002;Määramata;2,84;;1
02.06.2017;Väikelaev;Sõudepaat;C;JENHAL;Y-360;2015;Sünt. kangas;3,58;Uus sõiduk;1
02.06.2017;Väikelaev;Mootorpaat;D;SKIPP;400;2012;Plastik;4;;1
02.06.2017;Väikelaev;Mootorpaat;C;AMBER;430;2017;Plastik;4,3;Uus sõiduk;1
02.06.2017;Väikelaev;Mootorpaat;D;SKIPP;440;2016;Plastik;4,4;Uus sõiduk;1
02.06.2017;Väikelaev;Mootorpaat;C;SCANDINAVAL;450;2005;Plastik;4,5;;1
02.06.2017;Väikelaev;Mootorpaat;C;-;-;1994;Plastik;4,6;;1
02.06.2017;Väikelaev;Mootorpaat;D;NORDLINE;51;2017;Plastik;5,1;Uus sõiduk;1
02.06.2017;Väikelaev;Mootorpaat;D;NORDLINE;51;2017;Plastik;5,15;Uus sõiduk;1
02.06.2017;Väikelaev;Purjejaht;C;MICROTROSS;-;1994;Plastik;5,5;;1
02.06.2017;Väikelaev;Mootorpaat;C;BELLA;685;1989;Plastik;6,85;;1
02.06.2017;Väikelaev;Mootorpaat;C;YAMARIN CROSS;75 BR;2016;Alumiinium;7,53;Uus sõiduk;1
02.06.2017;Väikelaev;Mootorpaat;C;GRANDEZZA;28 OC;2017;Plastik;8,78;Uus sõiduk;1
03.06.2017;Väikelaev;Mootorpaat;C;OMEGA;TP360KU;2017;Sünt. kangas;3,6;Uus sõiduk;1
03.06.2017;Väikelaev;Sõudepaat;D;NORDLINE;42;2017;Plastik;4,2;Uus sõiduk;1
05.06.2017;Jett;Määramata;C;YAMAHA;GP 1800;2017;Määramata;3,35;Uus sõiduk;1
05.06.2017;Väikelaev;Sõudepaat;D;DULKAN;D-290 DL;2016;Sünt. kangas;2,9;Uus sõiduk;1
05.06.2017;Väikelaev;Mootorpaat;D;KASSE;455 R;2017;Plastik;4,57;Uus sõiduk;1
05.06.2017;Väikelaev;Mootorpaat;C;CRESCENT;495;1978;Plastik;4,8;;1
05.06.2017;Väikelaev;Mootorpaat;C;PAKRI;480;2009;Plastik;4,8;;1
05.06.2017;Väikelaev;Mootorpaat;B;CRANCHI;SAFFIRO 34;2007;Plastik;10,35;;1
06.06.2017;Jett;Määramata;C;SEA-DOO;SPARK 900 HO;2017;Määramata;2,9;Uus sõiduk;1
06.06.2017;Jett;Määramata;C;SEA-DOO;GTI SE 155;2017;Määramata;3,37;Uus sõiduk;1
06.06.2017;Väikelaev;Mootorpaat;C;JENHAL;Y-270;2016;Sünt. kangas;2,72;Uus sõiduk;1
06.06.2017;Väikelaev;Mootorpaat;D;CD;320;2012;Sünt. kangas;3,2;;1
06.06.2017;Väikelaev;Sõudepaat;D;NORDLINE;42;2017;Plastik;4,2;Uus sõiduk;1
06.06.2017;Väikelaev;Sõudepaat;D;KASSE;430;2016;Plastik;4,27;Uus sõiduk;1
06.06.2017;Väikelaev;Mootorpaat;C;BOMBARD;COMMANDO C4;2009;Sünt. kangas;4,3;;1
06.06.2017;Väikelaev;Mootorpaat;C;TUNA;460;2017;Alumiinium;4,58;Uus sõiduk;1
06.06.2017;Väikelaev;Mootorpaat;C;BUSTER;LE;2016;Alumiinium;5,37;Uus sõiduk;1
06.06.2017;Väikelaev;Mootorpaat;C;FASSMER;610;1981;Plastik;5,95;;1
06.06.2017;Väikelaev;Mootorpaat;C;SEA STAR;7000 CRUISER;1989;Plastik;7;;1
06.06.2017;Väikelaev;Mootorpaat;B;NIMBUS;3003;1990;Plastik;9,2;;1
06.06.2017;Väikelaev;Purjejaht;A;BENETEAU;OCEANIS 43;2007;Plastik;12,82;;1
07.06.2017;Alla 12m laev;Kalapaat;C;ALUNAUT;AC-22 CC;2017;Alumiinium;6,8;Uus sõiduk;1
07.06.2017;Väikelaev;Sõudepaat;C;CATRAN;MARINE 320AB;2014;Sünt. kangas;3,2;;1
07.06.2017;Väikelaev;Mootorpaat;D;PERLA;402;2017;Plastik;4;Uus sõiduk;1
07.06.2017;Väikelaev;Mootorpaat;D;TERHI;415 R;1985;Plastik;4,15;;1
07.06.2017;Väikelaev;Sõudepaat;C;GLADIATOR;C 420;2017;Sünt. kangas;4,2;Uus sõiduk;1
07.06.2017;Väikelaev;Mootorpaat;D;OMAVALMISTATUD;OMAVALMISTATUD;2014;Puit;4,75;;1
07.06.2017;Väikelaev;Mootorpaat;C;BELLA;540 HT;1980;Plastik;5,4;;1
08.06.2017;Väikelaev;Mootorpaat;D;MÄÄRAMATA;-;1972;Plastik;3,5;;1
08.06.2017;Väikelaev;Mootorpaat;C;TERHI;445 C;2017;Plastik;4,45;Uus sõiduk;1
08.06.2017;Väikelaev;Mootorpaat;D;KASSE;455 R;2017;Plastik;4,57;Uus sõiduk;1
08.06.2017;Väikelaev;Mootorpaat;C;RANA;16;1987;Plastik;4,95;;1
08.06.2017;Väikelaev;Mootorpaat;C;NORDIC;79;1972;Plastik;7,9;;1
09.06.2017;Jett;Määramata;C;SEA-DOO;SPARK 900;2017;Määramata;2,83;Uus sõiduk;1
09.06.2017;Jett;Määramata;C;SEA-DOO;SPARK 900 HO TRIXX;2017;Määramata;2,9;Uus sõiduk;1
09.06.2017;Jett;Määramata;C;SEA-DOO;GTR 230;2017;Määramata;3,37;Uus sõiduk;1
09.06.2017;Väikelaev;Sõudepaat;C;JENHAL;Y-270;2015;Kumm;2,72;Uus sõiduk;1
09.06.2017;Väikelaev;Sõudepaat;C;CATRAN;ENDURO 320PG;2014;Sünt. kangas;3,2;;1
09.06.2017;Väikelaev;Mootorpaat;C;F-RIB;360 RF SPRINT;2017;Plastik;3,6;Uus sõiduk;1
09.06.2017;Väikelaev;Mootorpaat;C;DULKAN;D400;2017;Sünt. kangas;4;Uus sõiduk;1
09.06.2017;Väikelaev;Mootorpaat;C;NORDLINE;41M;2017;Plastik;4,1;Uus sõiduk;1
09.06.2017;Väikelaev;Sõudepaat;D;KASSE;430;2017;Plastik;4,27;Uus sõiduk;1
09.06.2017;Väikelaev;Sõudepaat;D;SKIPP;440;2016;Plastik;4,4;Uus sõiduk;1
09.06.2017;Väikelaev;Mootorpaat;D;KASSE;455 R;2017;Plastik;4,57;Uus sõiduk;1
09.06.2017;Väikelaev;Mootorpaat;D;KRÕM;3;1981;Alumiinium;4,7;;1
09.06.2017;Väikelaev;Mootorpaat;C;DARRAGH ;FALCON;1989;Plastik;7,4;;1
10.06.2017;Väikelaev;Sõudepaat;D;FISHMAN II;500;2015;Sünt. kangas;3,28;Uus sõiduk;1
10.06.2017;Väikelaev;Mootorpaat;D;SOFA;HT-15;1975;Plastik;4,7;;1
12.06.2017;Väikelaev;Mootorpaat;C;DULKAN;D-325 DZ;2017;Sünt. kangas;3,25;Uus sõiduk;1
12.06.2017;Väikelaev;Sõudepaat;D;FISHMAN II;500;2013;Sünt. kangas;3,28;;1
12.06.2017;Väikelaev;Mootorpaat;C;ROMANA;430;2014;Plastik;4,2;;1
12.06.2017;Väikelaev;Mootorpaat;C;EMILI;460;2016;Plastik;4,51;Uus sõiduk;1
13.06.2017;Alla 12m laev;Kalapaat;D;HR;400;2009;Plastik;4;;1
13.06.2017;Väikelaev;Sõudepaat;D;SEEMANN;MLA 2900K;2016;Sünt. kangas;2,9;Uus sõiduk;1
13.06.2017;Väikelaev;Mootorpaat;C;DULKAN;D345;2017;Sünt. kangas;3,45;Uus sõiduk;1
13.06.2017;Väikelaev;Purjejaht;D;OMAVALMISTATUD;PERTEL 13 CATBOAT;2017;Puit;3,97;Uus sõiduk;1
13.06.2017;Väikelaev;Mootorpaat;D;TERHI;405 FUN;1993;Plastik;4,01;;1
13.06.2017;Väikelaev;Mootorpaat;C;ROMANA;430;2017;Plastik;4,2;Uus sõiduk;1
13.06.2017;Väikelaev;Mootorpaat;D;KIILI PAAT;440;2016;Plastik;4,4;Uus sõiduk;1
13.06.2017;Väikelaev;Mootorpaat;C;ASTRA;490;2016;Plastik;4,9;Uus sõiduk;1
13.06.2017;Väikelaev;Mootorpaat;C;WHALY;500;2017;Plastik;4,99;Uus sõiduk;1
13.06.2017;Väikelaev;Mootorpaat;C;BUSTER;XXL CABIN;2001;Alumiinium;5,8;;1
13.06.2017;Väikelaev;Mootorpaat;B;STARFISHER;670;2007;Plastik;6,3;;1
13.06.2017;Väikelaev;Purjejaht;C;NAUTICAT;MINI CAT;1975;Plastik;7,5;;1
13.06.2017;Väikelaev;Mootorpaat;B;STARFISHER;840B;2007;Plastik;7,98;;1
14.06.2017;Jett;Määramata;C;BOMBARDIER (SEA-DOO);RXP;2001;Määramata;2,7;;1
14.06.2017;Jett;Määramata;C;SEA-DOO;GTR-X 230;2017;Määramata;3,32;Uus sõiduk;1
14.06.2017;Väikelaev;Sõudepaat;C;Z- RAY;III 400;2011;Sünt. kangas;3,1;;1
14.06.2017;Väikelaev;Mootorpaat;D;CURSUS;440;2017;Plastik;4,4;Uus sõiduk;1
14.06.2017;Väikelaev;Sõudepaat;D;SUVI;495 SVM;2014;Plastik;4,95;;1
14.06.2017;Väikelaev;Mootorpaat;C;QUICKSILVER;500 PILOTHOUSE;2017;Plastik;5;Uus sõiduk;1
15.06.2017;Väikelaev;Mootorpaat;D;JAGO;320;2013;Sünt. kangas;3,2;;1
15.06.2017;Väikelaev;Mootorpaat;D;PERLA;402;2017;Plastik;4;Uus sõiduk;1
15.06.2017;Väikelaev;Mootorpaat;D;OMAVALMISTATUD;-;1998;Plastik;4,15;;1
15.06.2017;Väikelaev;Mootorpaat;C;PROGRESS;4;1979;Alumiinium;4,65;;1
15.06.2017;Väikelaev;Mootorpaat;C;BUSTER;XXL;2002;Alumiinium;5,8;;1
15.06.2017;Väikelaev;Mootorpaat;C;ANYTEC;622 SPD;2017;Alumiinium;6,28;Uus sõiduk;1
16.06.2017;Jett;Määramata;C;SEA-DOO;SPARK 900;2017;Määramata;2,83;Uus sõiduk;1
16.06.2017;Jett;Määramata;C;SEA-DOO;RXP-X 300 RS;2017;Määramata;3,32;Uus sõiduk;1
16.06.2017;Väikelaev;Sõudepaat;D;DULKAN;290 DL;2016;Sünt. kangas;2,9;Uus sõiduk;1
16.06.2017;Väikelaev;Mootorpaat;C;HONWAVE;T35AE2;2016;Sünt. kangas;3,53;Uus sõiduk;1
16.06.2017;Väikelaev;Mootorpaat;C;AQUA MARINA;BT-06360WD;2014;Sünt. kangas;3,59;;1
16.06.2017;Väikelaev;Mootorpaat;C;GLADIATOR;370;2017;Sünt. kangas;3,7;Uus sõiduk;1
16.06.2017;Väikelaev;Mootorpaat;D;PERLA;402;2017;Plastik;4;Uus sõiduk;1
16.06.2017;Väikelaev;Mootorpaat;D;SELCO;RIVIERA JUNIOR;1975;Plastik;4,1;;1
16.06.2017;Väikelaev;Mootorpaat;C;TUNA;410;2017;Alumiinium;4,16;Uus sõiduk;1
16.06.2017;Väikelaev;Mootorpaat;C;DULKAN;D-420 DZ;2017;Sünt. kangas;4,2;Uus sõiduk;1
16.06.2017;Väikelaev;Sõudepaat;D;NORDLINE;42;2017;Plastik;4,2;Uus sõiduk;1
16.06.2017;Väikelaev;Mootorpaat;C;ASTRA;435 SILVERFISH;2017;Plastik;4,3;Uus sõiduk;1
16.06.2017;Väikelaev;Sõudepaat;C;OMAVALMISTATUD;OMAVALMISTATUD;1985;Plastik;4,5;;1
16.06.2017;Väikelaev;Mootorpaat;C;FINVAL;475 EVO JS;2017;Alumiinium;4,72;Uus sõiduk;1
16.06.2017;Väikelaev;Mootorpaat;C;REGAL;2000;2015;Sünt. kangas;6,1;Uus sõiduk;1
16.06.2017;Väikelaev;Mootorpaat;C;AVON;SR6 ;1992;Sünt. kangas;6,35;;1
16.06.2017;Väikelaev;Mootorpaat;C;TUNA;800;2017;Alumiinium;8,04;Uus sõiduk;1
16.06.2017;Väikelaev;Mootorpaat;C;BAJA;272;1999;Plastik;8,4;;1
16.06.2017;Väikelaev;Purjejaht;A;DUFOUR;37 GIB SEA;2002;Plastik;10,98;;1
17.06.2017;Väikelaev;Sõudepaat;C;KOLIBRI;KM 330;2016;Sünt. kangas;3,3;Uus sõiduk;1
17.06.2017;Väikelaev;Mootorpaat;D;SEILSAT;C440;2015;Plastik;4,4;;1
19.06.2017;Väikelaev;Mootorpaat;C;CATRAN;ENDURO 360PG;2014;Sünt. kangas;3,6;;1
19.06.2017;Väikelaev;Mootorpaat;D;OMAVALMISTATUD;-;1978;Plastik;3,77;;1
19.06.2017;Väikelaev;Mootorpaat;D;TERHI;SEA FUN;2002;Plastik;4,06;;1
19.06.2017;Väikelaev;Mootorpaat;D;VILLE;510;1999;Plastik;5,05;;1
19.06.2017;Väikelaev;Mootorpaat;C;NORTHSILVER;665 M CABIN;2017;Alumiinium;6,17;Uus sõiduk;1
19.06.2017;Väikelaev;Mootorpaat;C;QUICKSILVER;ACTIV 705 CRUISER;2012;Plastik;6,8;;1
20.06.2017;Jett;Määramata;C;SEA-DOO;SPARK 900 HO TRIXX;2017;Määramata;2,9;Uus sõiduk;1
20.06.2017;Väikelaev;Mootorpaat;D;VELES;275;2017;Sünt. kangas;2,75;Uus sõiduk;1
20.06.2017;Väikelaev;Sõudepaat;D;VIIKING;380 CLASSIK;2017;Plastik;3,85;Uus sõiduk;1
20.06.2017;Väikelaev;Sõudepaat;D;NORDLINE;42;2017;Plastik;4,2;Uus sõiduk;1
20.06.2017;Väikelaev;Mootorpaat;D;OMAVALMISTATUD;OMAVALMISTATUD;1986;Plastik;4,2;;1
20.06.2017;Väikelaev;Mootorpaat;D;CRESCENT;418;1985;Plastik;4,23;;1
20.06.2017;Väikelaev;Mootorpaat;D;C-440 A;-;2016;Plastik;4,4;Uus sõiduk;1
20.06.2017;Väikelaev;Mootorpaat;C;AMT;170 BRS;2015;Plastik;5;Uus sõiduk;1
20.06.2017;Väikelaev;Mootorpaat;C;FASTER;560 SC;2015;Alumiinium;5,64;Uus sõiduk;1
20.06.2017;Väikelaev;Mootorpaat;C;BAYLINER;TROPHY;1988;Plastik;6,8;;1
20.06.2017;Väikelaev;Purjejaht;A;HANSE;385;2013;Plastik;10,99;;1
21.06.2017;Alla 12m laev;Kalapaat;D;HIIU;450 ;2017;Plastik;4,5;Uus sõiduk;2
21.06.2017;Väikelaev;Purjejaht;C;HAPPY CAT;NEO;2016;Sünt. kangas;4,2;Uus sõiduk;1
21.06.2017;Väikelaev;Mootorpaat;D;ALUNAUT;AC-14;2015;Alumiinium;4,25;Uus sõiduk;1
21.06.2017;Väikelaev;Mootorpaat;C;TERHI;445 C;2017;Plastik;4,45;Uus sõiduk;1
21.06.2017;Väikelaev;Mootorpaat;D;LOHI;HAMARIINA;1993;Plastik;4,6;;1
21.06.2017;Väikelaev;Purjejaht;C;HAPPY CAT;EVOLUTION;2015;Sünt. kangas;4,65;Uus sõiduk;1
21.06.2017;Väikelaev;Mootorpaat;C;NORD;480;2017;Plastik;4,8;Uus sõiduk;1
21.06.2017;Väikelaev;Mootorpaat;C;SILVER;WOLF BR510;2016;Alumiinium;5,09;Uus sõiduk;1
21.06.2017;Väikelaev;Mootorpaat;C;FINNSPORT;540HT;1980;Plastik;5,4;;1
21.06.2017;Väikelaev;Mootorpaat;C;ARENDALL-SNEKA;21;1980;Plastik;6,3;;1
21.06.2017;Väikelaev;Mootorpaat;C;AMT;215PH;2017;Plastik;6,4;Uus sõiduk;1
22.06.2017;Jett;Määramata;;SEA-DOO;RXP-X 300 RS;2017;Määramata;3,32;Uus sõiduk;1
22.06.2017;Väikelaev;Sõudepaat;D;ADMIRAL;AM280;2017;Sünt. kangas;2,8;Uus sõiduk;1
22.06.2017;Väikelaev;Mootorpaat;C;LARSEN;B 390;2017;Plastik;3,9;Uus sõiduk;1
22.06.2017;Väikelaev;Mootorpaat;D;SILVER;COLIBRI;2000;Alumiinium;4,05;;1
22.06.2017;Väikelaev;Mootorpaat;D;RYDS;430 GT;1995;Plastik;4,25;;1
22.06.2017;Väikelaev;Mootorpaat;C;BELLA;703;2010;Plastik;7,05;;1
26.06.2017;Väikelaev;Sõudepaat;D;SKIPP;400;2016;Plastik;4;Uus sõiduk;1
26.06.2017;Väikelaev;Mootorpaat;C;QUICKSILVER;ACTIV 455 CABIN;2017;Plastik;4,44;Uus sõiduk;1
26.06.2017;Väikelaev;Mootorpaat;D;KAZANKA;-;1980;Alumiinium;4,63;;1
26.06.2017;Väikelaev;Mootorpaat;D;HURRICAN;HT;1985;Sünt. kangas;4,7;;1
26.06.2017;Väikelaev;Mootorpaat;C;SUNBIRD;150;1990;Plastik;4,7;;1
27.06.2017;Jett;Määramata;C;SEA-DOO;RXP-X 300 RS;2017;Määramata;3,32;Uus sõiduk;1
27.06.2017;Väikelaev;Sõudepaat;D;JAGO;270;2016;Kumm;2,7;Uus sõiduk;1
27.06.2017;Väikelaev;Sõudepaat;D;VELES;301;2017;Sünt. kangas;3;Uus sõiduk;1
27.06.2017;Väikelaev;Sõudepaat;D;INTEX;MARINER 4;2012;Sünt. kangas;3,28;;1
27.06.2017;Väikelaev;Mootorpaat;D;KASSE;455 R;2017;Plastik;4,57;Uus sõiduk;1
27.06.2017;Väikelaev;Mootorpaat;D;-;-;1980;Plastik;4,7;;1
27.06.2017;Väikelaev;Purjejaht;D;CONGER;-;1978;Plastik;5;;1
27.06.2017;Väikelaev;Mootorpaat;C;BELLA;512EUROPA;1994;Plastik;5,1;;1
27.06.2017;Väikelaev;Purjejaht;C;LOHI;17;1981;Plastik;5,2;;1
27.06.2017;Väikelaev;Mootorpaat;D;CURSUS;550;2017;Plastik;5,4;Uus sõiduk;1
27.06.2017;Väikelaev;Mootorpaat;C;SILVER HAWK;540DC;2005;Alumiinium;5,4;;1
27.06.2017;Väikelaev;Mootorpaat;C;FJORDSTAR;580;2017;Kumm;5,85;Uus sõiduk;1
28.06.2017;Väikelaev;Sõudepaat;D;VIIKING;280;2009;Plastik;2,8;;1
28.06.2017;Väikelaev;Mootorpaat;D;DULKAN;GAUJA 285 R;2017;Sünt. kangas;2,85;Uus sõiduk;1
28.06.2017;Väikelaev;Sõudepaat;C;JENHAL;Y 330;2016;Sünt. kangas;3,25;Uus sõiduk;1
28.06.2017;Väikelaev;Sõudepaat;D;NORDLINE;38;2017;Plastik;3,8;Uus sõiduk;1
28.06.2017;Väikelaev;Sõudepaat;D;IDEAL;415;2014;Plastik;4,15;;1
28.06.2017;Väikelaev;Sõudepaat;D;KASSE;430;2016;Plastik;4,27;Uus sõiduk;1
28.06.2017;Väikelaev;Mootorpaat;D;KAZANKA;5M2;1989;Alumiinium;4,6;;1
28.06.2017;Väikelaev;Mootorpaat;D;PROGRESS;4;1975;Alumiinium;4,7;;1
28.06.2017;Väikelaev;Mootorpaat;C;ADVENTURE;V-500;2004;Sünt. kangas;5,2;;1
29.06.2017;Jett;Määramata;C;SEA-DOO;SPARK 900 HO TRIXX;2017;Määramata;2,9;Uus sõiduk;1
29.06.2017;Väikelaev;Sõudepaat;D;CHEYENNE III;400;2016;Sünt. kangas;2,84;Uus sõiduk;1
29.06.2017;Väikelaev;Purjejaht;C;HAPPY CAT;ULTRALIGHT;2012;Sünt. kangas;4,25;;1
29.06.2017;Väikelaev;Mootorpaat;C;TERHI;NORDIC 6020 C;2017;Plastik;4,62;Uus sõiduk;1
29.06.2017;Väikelaev;Mootorpaat;B;STEALTH;SPORT;1998;Plastik;5,8;;1
29.06.2017;Väikelaev;Mootorpaat;C;BELLA;700;1990;Plastik;7,02;;1
29.06.2017;Väikelaev;Mootorpaat;C;ANYTEC;868 CAB;2017;Alumiinium;8,87;Uus sõiduk;1
30.06.2017;Väikelaev;Mootorpaat;D;JAGO;320;2016;Sünt. kangas;3,2;Uus sõiduk;1
30.06.2017;Väikelaev;Sõudepaat;D;-;-;1975;Plastik;3,25;;1
30.06.2017;Väikelaev;Sõudepaat;D;LATREX;400;2015;Plastik;4;Uus sõiduk;1
30.06.2017;Väikelaev;Sõudepaat;D;KASSE;430;1999;Plastik;4,27;;1
30.06.2017;Väikelaev;Mootorpaat;C;NEPTUN;3;1977;Plastik;4,3;;1
30.06.2017;Väikelaev;Mootorpaat;C;KIILI;510 CC;2017;Plastik;5,1;Uus sõiduk;1
30.06.2017;Väikelaev;Mootorpaat;C;FLIPPER;880 ST;2017;Plastik;8,52;Uus sõiduk;1
30.06.2017;Väikelaev;Mootorpaat;B;SARGO;33;2017;Plastik;9,88;Uus sõiduk;1
01.07.2017;Väikelaev;Mootorpaat;D;-;-;1992;Plastik;4,2;;1
01.07.2017;Väikelaev;Mootorpaat;C;TERHI;NORDIC 6020 C;2013;Plastik;4,62;;1
03.07.2017;Väikelaev;Mootorpaat;C;DULKAN;D-325 DZ;2017;Sünt. kangas;3,25;Uus sõiduk;1
03.07.2017;Väikelaev;Mootorpaat;D;MOVE;10K;1975;Plastik;4,1;;1
03.07.2017;Väikelaev;Sõudepaat;D;OMAVALMISTATUD;-;2002;Plastik;4,15;;1
03.07.2017;Väikelaev;Mootorpaat;D;HIIU;450;2017;Plastik;4,5;Uus sõiduk;1
04.07.2017;Jett;Määramata;C;SEA-DOO;RXP-X 300 RS;2017;Määramata;3,32;Uus sõiduk;1
04.07.2017;Jett;Määramata;C;SEA-DOO;GTX LTD 300;2017;Määramata;3,54;Uus sõiduk;1
04.07.2017;Väikelaev;Sõudepaat;D;WIGRY;310;2015;Plastik;3,1;Uus sõiduk;1
04.07.2017;Väikelaev;Mootorpaat;C;BUSH;B 330;2016;Sünt. kangas;3,3;Uus sõiduk;1
04.07.2017;Väikelaev;Mootorpaat;C;OMEGA;TP330KU;2017;Sünt. kangas;3,3;Uus sõiduk;1
04.07.2017;Väikelaev;Mootorpaat;C;LATREX;430;2016;Plastik;4,3;Uus sõiduk;1
04.07.2017;Väikelaev;Mootorpaat;D;RIVIERA;R;1975;Plastik;4,3;;1
04.07.2017;Väikelaev;Mootorpaat;D;VATOR;15 GL;1987;Plastik;4,35;;1
04.07.2017;Väikelaev;Sõudepaat;D;PELLA;NOVA;2017;Plastik;4,4;Uus sõiduk;1
04.07.2017;Väikelaev;Mootorpaat;C;YAMARIN;5220 ;1998;Plastik;5,2;;1
05.07.2017;Alla 12m laev;Kalapaat;D;HIIU;450 ;2017;Plastik;4,5;Uus sõiduk;1
05.07.2017;Alla 12m laev;Kalapaat;C;KULKURI;30;1982;Plastik;9;;1
05.07.2017;Väikelaev;Mootorpaat;D;TERHI;MICRO FUN;1990;Plastik;3,15;;1
05.07.2017;Väikelaev;Sõudepaat;D;AQUA STORM;STM330;2016;Sünt. kangas;3,3;Uus sõiduk;1
05.07.2017;Väikelaev;Mootorpaat;C;BESTWAY;MIROVIA PRO;2017;Kumm;3,3;Uus sõiduk;1
05.07.2017;Väikelaev;Mootorpaat;C;DULKAN;D345;2017;Sünt. kangas;3,45;Uus sõiduk;1
05.07.2017;Väikelaev;Mootorpaat;C;AQUASTAR;K350;2015;Sünt. kangas;3,5;Uus sõiduk;1
05.07.2017;Väikelaev;Sõudepaat;D;NORDLINE;42;2017;Plastik;4,2;Uus sõiduk;1
05.07.2017;Väikelaev;Mootorpaat;C;RAIS-SPORT;470;1975;Plastik;4,7;;1
05.07.2017;Väikelaev;Mootorpaat;C;SJÖSALA;-;1990;Plastik;4,75;;1
05.07.2017;Väikelaev;Mootorpaat;C;ÖRNVIK;510;1980;Plastik;5,1;;1
06.07.2017;Jett;Määramata;C;SEA-DOO;RXT;2009;Määramata;3,5;;1
06.07.2017;Jett;Määramata;C;SEA-DOO;RXT-X RS 300;2017;Määramata;3,55;Uus sõiduk;1
06.07.2017;Väikelaev;Mootorpaat;D;DULKAN;D-290 DL;2017;Sünt. kangas;2,9;Uus sõiduk;1
06.07.2017;Väikelaev;Mootorpaat;D;TERHI;410;1989;Plastik;4,1;;1
06.07.2017;Väikelaev;Sõudepaat;D;LOHI;420;1988;Plastik;4,17;;1
06.07.2017;Väikelaev;Mootorpaat;C;SILVER;445;2017;Plastik;4,3;Uus sõiduk;1
06.07.2017;Väikelaev;Sõudepaat;D;PELLA;NOVA;2016;Plastik;4,4;Uus sõiduk;1
06.07.2017;Väikelaev;Mootorpaat;C;JURMO;LUX HT;1987;Plastik;4,65;;1
06.07.2017;Väikelaev;Mootorpaat;C;LOHI;480;1982;Plastik;4,8;;1
06.07.2017;Väikelaev;Mootorpaat;C;BELLA;530EXCEL;2008;Plastik;5,3;;1
06.07.2017;Väikelaev;Mootorpaat;C;TG;5000 SPORTFISHER;1994;Plastik;5,6;;1
07.07.2017;Jett;Määramata;C;KAWASAKI;JS1500A;2017;Määramata;2,66;Uus sõiduk;1
07.07.2017;Väikelaev;Mootorpaat;C;SELVA MARINE;PA 310 VIB;2007;Sünt. kangas;3,1;;1
07.07.2017;Väikelaev;Mootorpaat;C;CRAB;K-330;2016;Sünt. kangas;3,3;Uus sõiduk;1
07.07.2017;Väikelaev;Mootorpaat;D;DM;430 LUX;2015;Plastik;4,3;Uus sõiduk;1
07.07.2017;Väikelaev;Mootorpaat;D;BAYLINER;1750 CAPRI;1987;Plastik;5,13;;1
08.07.2017;Väikelaev;Mootorpaat;C;C-440;-;2017;Plastik;4,4;Uus sõiduk;1
10.07.2017;Väikelaev;Mootorpaat;C;DULKAN;D400;2016;Sünt. kangas;4;Uus sõiduk;1
10.07.2017;Väikelaev;Mootorpaat;D;TERHI;405 FUN;1995;Plastik;4,01;;1
10.07.2017;Väikelaev;Mootorpaat;C;TERHI;NORDIC 6020;1997;Plastik;4,62;;1
10.07.2017;Väikelaev;Mootorpaat;C;BAYLINER;CUDDY;1980;Plastik;7,29;;1
10.07.2017;Väikelaev;Purjejaht;B;COMPIS;28;1976;Plastik;8,56;;1
11.07.2017;Väikelaev;Sõudepaat;D;ADMIRAL;AM 320;2014;Sünt. kangas;3,2;;1
11.07.2017;Väikelaev;Mootorpaat;C;JENHAL;Y 330;2016;Sünt. kangas;3,25;Uus sõiduk;1
11.07.2017;Väikelaev;Mootorpaat;C;DULKAN;D-370 DZ;2017;Sünt. kangas;3,7;Uus sõiduk;1
11.07.2017;Väikelaev;Sõudepaat;D;LAMI;-;1984;Plastik;4,15;;1
11.07.2017;Väikelaev;Mootorpaat;C;AMBER;430;2017;Plastik;4,3;Uus sõiduk;1
11.07.2017;Väikelaev;Sõudepaat;D;KASSE;430R;2017;Plastik;4,33;Uus sõiduk;1
11.07.2017;Väikelaev;Mootorpaat;D;CURSUS;440;2017;Plastik;4,4;Uus sõiduk;1
11.07.2017;Väikelaev;Purjejaht;C;ALBIN;57;1978;Plastik;5,74;;1
11.07.2017;Väikelaev;Purjejaht;B;BOSTRÖM;B31 MARK II;1984;Plastik;9,33;;1
12.07.2017;Väikelaev;Mootorpaat;C;LOTUS;L-320;2012;Sünt. kangas;3,2;;1
12.07.2017;Väikelaev;Sõudepaat;D;OMAVALMISTATUD;-;1992;Plastik;3,7;;1
13.07.2017;Jett;Määramata;C;SEA-DOO;RXP-X 300 RS;2017;Määramata;3,32;Uus sõiduk;1
13.07.2017;Jett;Määramata;;SEA-DOO;GTI SE 130;2017;Määramata;3,37;Uus sõiduk;1
13.07.2017;Jett;Määramata;C;SEA-DOO;RXT-X RS 300;2017;Määramata;3,55;Uus sõiduk;1
13.07.2017;Väikelaev;Mootorpaat;C;JET-LINE;SY360;2014;Sünt. kangas;3,6;;1
13.07.2017;Väikelaev;Sõudepaat;D;PELLA;MINI;2017;Plastik;4;Uus sõiduk;1
13.07.2017;Väikelaev;Mootorpaat;D;LOHI;425;1990;Plastik;4,25;;1
13.07.2017;Väikelaev;Mootorpaat;C;CRESCENT;460 CAMPING;1989;Plastik;4,6;;1
13.07.2017;Väikelaev;Purjejaht;B;DEHLER;343 TOP NOVA;1987;Plastik;11;;1
14.07.2017;Alla 12m laev;Kalapaat;C;FISHERMAN;20 ;2017;Plastik;5,95;Uus sõiduk;1
14.07.2017;Väikelaev;Mootorpaat;C;BUSTER;S;2008;Alumiinium;4,57;;1
14.07.2017;Väikelaev;Mootorpaat;C;PARKER;660 WEEKEND;2017;Plastik;6,45;Uus sõiduk;1
14.07.2017;Väikelaev;Mootorpaat;C;FINNSPORT;650 AC;1989;Plastik;6,5;;1
14.07.2017;Väikelaev;Mootorpaat;B;JEANNEAU;LEADER 705;1998;Plastik;6,8;;1
14.07.2017;Väikelaev;Purjejaht;C;SUNWIND;27;1984;Plastik;8,22;;1
15.07.2017;Väikelaev;Sõudepaat;D;LATREX;340;2016;Plastik;3,45;Uus sõiduk;1
15.07.2017;Väikelaev;Sõudepaat;D;PELLA;-;1984;Plastik;4,16;;1
15.07.2017;Väikelaev;Mootorpaat;C;STENO;RIB 420AL;2017;Alumiinium;4,2;Uus sõiduk;1
17.07.2017;Väikelaev;Sõudepaat;D;NORDLINE;42;2017;Plastik;4,2;Uus sõiduk;1
17.07.2017;Väikelaev;Purjejaht;D;MINICAT;460;2017;Plastik;4,6;Uus sõiduk;1
17.07.2017;Väikelaev;Mootorpaat;C;REMUS;470;2017;Plastik;4,7;Uus sõiduk;1
17.07.2017;Väikelaev;Mootorpaat;C;VIKSUND COLUMBI;27;1985;Plastik;8,1;;1
17.07.2017;Väikelaev;Purjejaht;B;CARTER;42;1981;Plastik;12,8;;1
18.07.2017;Jett;Määramata;C;SEA-DOO;SPARK 900 HO;2017;Määramata;2,9;Uus sõiduk;1
18.07.2017;Jett;Määramata;C;SEA-DOO;SPARK 900 HO TRIXX;2017;Määramata;2,9;Uus sõiduk;1
18.07.2017;Jett;Määramata;C;SEA-DOO;RXP-X 300 RS;2017;Määramata;3,32;Uus sõiduk;1
18.07.2017;Väikelaev;Mootorpaat;D;ZODIAC;ZOOM 260SR;2005;Sünt. kangas;2,6;;1
18.07.2017;Väikelaev;Sõudepaat;C;KOLIBRI;K 280 T;2017;Kumm;2,8;Uus sõiduk;1
18.07.2017;Väikelaev;Mootorpaat;C;JENHAL;Y-360;2016;Sünt. kangas;3,58;Uus sõiduk;1
18.07.2017;Väikelaev;Sõudepaat;D;SAMS;-;2010;Plastik;3,7;;1
18.07.2017;Väikelaev;Mootorpaat;C;BUSH;B-400;2016;Sünt. kangas;4,05;Uus sõiduk;1
18.07.2017;Väikelaev;Mootorpaat;C;LATREX;430;2017;Plastik;4,3;Uus sõiduk;1
18.07.2017;Väikelaev;Mootorpaat;D;NEPTUN;-;1980;Plastik;4,3;;1
18.07.2017;Väikelaev;Mootorpaat;D;PROGRESS;4;1975;Alumiinium;4,65;;1
18.07.2017;Väikelaev;Purjejaht;C;VAGABOND;20;2001;Plastik;6;;1
18.07.2017;Väikelaev;Mootorpaat;C;FLIPPER;640 ST;2015;Plastik;6,25;;1
18.07.2017;Väikelaev;Purjejaht;B;SUNWIND;27;1982;Plastik;8,22;;1
19.07.2017;Jett;Määramata;;YAMAHA;EX SPORT;2017;Määramata;3,14;Uus sõiduk;1
19.07.2017;Jett;Määramata;C;SEA-DOO;RXP-X 300 RS;2017;Määramata;3,32;Uus sõiduk;1
19.07.2017;Väikelaev;Sõudepaat;C;WHALY;270;2017;Plastik;2,7;Uus sõiduk;1
19.07.2017;Väikelaev;Mootorpaat;D;ADMIRAL;AM280;2016;Sünt. kangas;2,8;Uus sõiduk;1
19.07.2017;Väikelaev;Mootorpaat;D;SEA PRO;CM 320;2012;Sünt. kangas;3,2;;1
19.07.2017;Väikelaev;Mootorpaat;D;AMBER;365;2017;Plastik;3,65;Uus sõiduk;1
19.07.2017;Väikelaev;Mootorpaat;D;TERHI;385;2017;Plastik;3,8;Uus sõiduk;1
19.07.2017;Väikelaev;Sõudepaat;D;JÖNN;38;2017;Plastik;3,8;Uus sõiduk;1
19.07.2017;Väikelaev;Mootorpaat;C;KOLIBRI;KM 400D;2015;Sünt. kangas;4;Uus sõiduk;1
19.07.2017;Väikelaev;Mootorpaat;C;FINVAL;475 EVO JS;2017;Alumiinium;4,27;Uus sõiduk;1
19.07.2017;Väikelaev;Mootorpaat;C;YAMARIN;435S BIG RIDE;1993;Plastik;4,35;;1
19.07.2017;Väikelaev;Sõudepaat;D;PELLA;NOVA;2017;Plastik;4,4;Uus sõiduk;1
19.07.2017;Väikelaev;Mootorpaat;D;ROBUST;15;2017;Plastik;4,47;Uus sõiduk;1
19.07.2017;Väikelaev;Mootorpaat;D;KAZANKA;5;1991;Alumiinium;4,5;;1
19.07.2017;Väikelaev;Mootorpaat;D;GLASTRON;CARLSON CVX 18;1979;Plastik;5,52;;1
19.07.2017;Väikelaev;Mootorpaat;C;ANYTEC;750 SPD;2017;Alumiinium;8,08;Uus sõiduk;1
20.07.2017;Väikelaev;Mootorpaat;C;GALA;F330A;2016;Plastik;3,3;Uus sõiduk;1
20.07.2017;Väikelaev;Mootorpaat;C;DULKAN;D345;2017;Sünt. kangas;3,45;Uus sõiduk;1
20.07.2017;Väikelaev;Mootorpaat;C;BUSH;CRAB K-360;2017;Sünt. kangas;3,6;Uus sõiduk;1
20.07.2017;Väikelaev;Mootorpaat;D;CRISTEL;-;1964;Plastik;3,75;;1
20.07.2017;Väikelaev;Mootorpaat;C;YAMARIN;410;1983;Plastik;4,1;;1
20.07.2017;Väikelaev;Mootorpaat;D;YAMARIN;430S;1990;Plastik;4,3;;1
20.07.2017;Väikelaev;Mootorpaat;D;MÄÄRAMATA;-;1990;Plastik;4,85;;1
21.07.2017;Jett;Määramata;C;SEA-DOO;SPARK 900 HO;2017;Määramata;2,9;Uus sõiduk;1
21.07.2017;Väikelaev;Mootorpaat;D;TERHI;SUNNY;2008;Plastik;3,1;;1
21.07.2017;Väikelaev;Mootorpaat;C;JENHAL;Y 330;2016;Sünt. kangas;3,25;Uus sõiduk;1
21.07.2017;Väikelaev;Mootorpaat;C;DULKAN;D-325 DZ;2017;Sünt. kangas;3,25;Uus sõiduk;1
21.07.2017;Väikelaev;Mootorpaat;D;WHALY;370;2017;Plastik;3,7;Uus sõiduk;1
21.07.2017;Väikelaev;Mootorpaat;C;DULKAN;RIB 430;2017;Sünt. kangas;4,3;Uus sõiduk;1
21.07.2017;Väikelaev;Sõudepaat;D;SKIPP;440;2016;Plastik;4,4;Uus sõiduk;1
21.07.2017;Väikelaev;Mootorpaat;C;TERHI;445 C;2017;Plastik;4,45;Uus sõiduk;1
21.07.2017;Väikelaev;Sõudepaat;D;PERLA;455;2016;Plastik;4,5;Uus sõiduk;1
21.07.2017;Väikelaev;Mootorpaat;D;OMAVALMISTATUD;OMAVALMISTATUD;2017;Puit;5,23;Uus sõiduk;1
21.07.2017;Väikelaev;Mootorpaat;C;YAMARIN;65 DAY CRUISER;2014;Plastik;6,31;;1
21.07.2017;Väikelaev;Purjejaht;B;FINN EXPRESS;741;1984;Plastik;7,41;;1
21.07.2017;Väikelaev;Mootorpaat;C;NAVIS;NOSTALGIA;2017;Plastik;7,5;Uus sõiduk;1
22.07.2017;Väikelaev;Mootorpaat;D;NORDLINE;51;2017;Plastik;5,1;Uus sõiduk;1
24.07.2017;Väikelaev;Sõudepaat;D;NORDLINE;29;2016;Plastik;2,95;Uus sõiduk;1
24.07.2017;Väikelaev;Mootorpaat;C;GLADIATOR;330;2017;Sünt. kangas;3,3;Uus sõiduk;1
24.07.2017;Väikelaev;Mootorpaat;C;HONWAVE;T40AE1;2015;Sünt. kangas;3,95;Uus sõiduk;1
24.07.2017;Väikelaev;Mootorpaat;C;SUNBIRD;SPL-150;1989;Plastik;4,65;;1
24.07.2017;Väikelaev;Mootorpaat;C;STENO;RIB 535;2017;Sünt. kangas;5,35;Uus sõiduk;1
24.07.2017;Väikelaev;Mootorpaat;C;SILVER;SHARK BRX;2017;Alumiinium;6,1;Uus sõiduk;1
25.07.2017;Alla 12m laev;Kalapaat;D;OMAVALMISTATUD;-;2011;Puit;6,95;;1
25.07.2017;Väikelaev;Mootorpaat;C;BUSH;K330;2005;Sünt. kangas;3,35;;1
25.07.2017;Väikelaev;Mootorpaat;C;DULKAN;D-400;2017;Sünt. kangas;4;Uus sõiduk;1
25.07.2017;Väikelaev;Sõudepaat;D;KASSE;430;2017;Plastik;4,27;Uus sõiduk;1
25.07.2017;Väikelaev;Mootorpaat;D;OMAVALMISTATUD;-;1990;Puit;5,3;;1
25.07.2017;Väikelaev;Purjejaht;C;SAILHORSE;-;1984;Plastik;6,13;;1
25.07.2017;Väikelaev;Purjejaht;C;FINN;26;1980;Plastik;8,07;;1
26.07.2017;Jett;Määramata;C;KAWASAKI;JT1500A;2017;Määramata;3,12;Uus sõiduk;1
26.07.2017;Väikelaev;Sõudepaat;C;KOLIBRI;KM 300;2017;Sünt. kangas;3;Uus sõiduk;1
26.07.2017;Väikelaev;Mootorpaat;C;CATRAN;MARINE 320AB;2014;Sünt. kangas;3,2;;1
26.07.2017;Väikelaev;Sõudepaat;C;JENHAL;Y 330;2016;Kumm;3,25;Uus sõiduk;1
26.07.2017;Väikelaev;Mootorpaat;C;AQUA STORM;STK360;2016;Sünt. kangas;3,6;Uus sõiduk;1
26.07.2017;Väikelaev;Mootorpaat;C;AQUA STORM;STK380;2016;Sünt. kangas;3,8;Uus sõiduk;1
26.07.2017;Väikelaev;Mootorpaat;D;SUN BUSTER;R;1989;Alumiinium;3,9;;1
26.07.2017;Väikelaev;Mootorpaat;D;BUSTER;RS;1997;Alumiinium;4,5;;1
26.07.2017;Väikelaev;Mootorpaat;C;WELLMAR;51CC;2016;Alumiinium;5,13;Uus sõiduk;1
27.07.2017;Jett;Määramata;C;SEA-DOO;RXP-X 300 RS;2017;Määramata;3,32;Uus sõiduk;1
27.07.2017;Väikelaev;Sõudepaat;D;NORDLINE;29;2017;Plastik;2,95;Uus sõiduk;1
27.07.2017;Väikelaev;Mootorpaat;D;OMAVALMISTATUD;-;2005;Plastik;3,8;;1
27.07.2017;Väikelaev;Mootorpaat;C;DULKAN;D400;2017;Sünt. kangas;4;Uus sõiduk;1
27.07.2017;Väikelaev;Mootorpaat;D;NEPTUN;2;1971;Plastik;4,03;;1
27.07.2017;Väikelaev;Purjejaht;C;ALBIN;57;1979;Plastik;5,74;;1
27.07.2017;Väikelaev;Purjejaht;C;SNEEKERMEER;800;1975;Teras;8;;1
27.07.2017;Väikelaev;Mootorpaat;B;GRANDEZZA;33 OC;2017;Plastik;9,62;Uus sõiduk;1
27.07.2017;Väikelaev;Mootorpaat;B;JEANNEAU;NC11;2014;Plastik;10,55;;1
28.07.2017;Jett;Määramata;C;SEA-DOO;SPARK 900;2017;Määramata;2,83;Uus sõiduk;1
28.07.2017;Väikelaev;Mootorpaat;D;VELES;360;2016;Sünt. kangas;3,6;Uus sõiduk;1
28.07.2017;Väikelaev;Mootorpaat;C;FAVORIT;F-420;2017;Sünt. kangas;4,2;Uus sõiduk;1
28.07.2017;Väikelaev;Mootorpaat;D;PROGRESS;2M;1979;Alumiinium;4,7;;1
28.07.2017;Väikelaev;Mootorpaat;C;FJORD;16 HT;1973;Plastik;4,85;;1
28.07.2017;Väikelaev;Mootorpaat;C;SPORTCAT;21;2006;Plastik;6,4;;1
29.07.2017;Väikelaev;Mootorpaat;C;STERNA;60DC;1987;Plastik;6,03;;1
31.07.2017;Väikelaev;Mootorpaat;C;QINGDAO;Y-330;2013;Sünt. kangas;3,25;;1
31.07.2017;Väikelaev;Mootorpaat;D;-;-;1980;Plastik;4,2;;1
31.07.2017;Väikelaev;Mootorpaat;C;KAZANKA 5;-;1980;Alumiinium;4,65;;1
31.07.2017;Väikelaev;Mootorpaat;C;FLIPPER;670 DC;2014;Plastik;6,6;;1
31.07.2017;Väikelaev;Mootorpaat;C;XO;DFNDR;2017;Alumiinium;7,76;Uus sõiduk;1
01.08.2017;Jett;Määramata;C;SEA-DOO;RXP 215;2004;Määramata;3,07;;1
01.08.2017;Väikelaev;Sõudepaat;D;KOLIBRI;RKM-350;2017;Plastik;3,5;Uus sõiduk;1
01.08.2017;Väikelaev;Mootorpaat;C;DULKAN;D370;2016;Sünt. kangas;3,7;Uus sõiduk;1
01.08.2017;Väikelaev;Mootorpaat;C;WHALY;370;2017;Plastik;3,7;Uus sõiduk;1
01.08.2017;Väikelaev;Mootorpaat;D;SEABIRD;-;1983;Plastik;4,01;;1
01.08.2017;Väikelaev;Sõudepaat;D;KIILI PAAT;440;2016;Plastik;4,4;Uus sõiduk;1
01.08.2017;Väikelaev;Mootorpaat;C;SMARTLINER;17;2016;Plastik;5;Uus sõiduk;1
02.08.2017;Alla 12m laev;Kalapaat;D;NORDLINE;41M;2017;Plastik;4,1;Uus sõiduk;1
02.08.2017;Jett;Määramata;C;SEA-DOO;GTR 230;2017;Määramata;3,37;Uus sõiduk;2
02.08.2017;Väikelaev;Sõudepaat;D;SEEMANN;MLA 2800;2016;Sünt. kangas;2,8;Uus sõiduk;1
02.08.2017;Väikelaev;Mootorpaat;C;JENHAL;Y-360;2016;Sünt. kangas;3,58;Uus sõiduk;1
02.08.2017;Väikelaev;Mootorpaat;D;BUSTER;S;1996;Alumiinium;4,1;;1
02.08.2017;Väikelaev;Mootorpaat;C;RINKER;FIESTA VEE 250;2005;Plastik;8,23;;1
02.08.2017;Väikelaev;Purjejaht;B;MAXI;999;1986;Plastik;9,9;;1
03.08.2017;Väikelaev;Mootorpaat;D;MARE;390;1988;Plastik;3,9;;1
03.08.2017;Väikelaev;Mootorpaat;D;-;-;1982;Plastik;4,9;;1
03.08.2017;Väikelaev;Mootorpaat;C;LARSEN B;T-530;2017;Plastik;5,3;Uus sõiduk;1
03.08.2017;Väikelaev;Mootorpaat;C;BELLA;570 C;1998;Plastik;5,7;;1
03.08.2017;Väikelaev;Mootorpaat;B;NORD STAR;31 PATROL;2008;Plastik;10,1;;1
03.08.2017;Väikelaev;Mootorpaat;B;NORD STAR;37 PATROL FLY;2017;Plastik;11,8;Uus sõiduk;1
04.08.2017;Väikelaev;Sõudepaat;D;VELES;275;2014;Sünt. kangas;2,75;;1
04.08.2017;Väikelaev;Mootorpaat;D;NORDLINE;28;2017;Plastik;2,85;Uus sõiduk;1
04.08.2017;Väikelaev;Sõudepaat;C;CATRAN;MARINE 320AB;2014;Sünt. kangas;3,2;;1
04.08.2017;Väikelaev;Mootorpaat;C;DULKAN;D-325 DZ;2017;Sünt. kangas;3,25;Uus sõiduk;1
04.08.2017;Väikelaev;Mootorpaat;C;DULKAN;D345;2017;Sünt. kangas;3,45;Uus sõiduk;1
04.08.2017;Väikelaev;Mootorpaat;B;TERHI;SEA FUN;1990;Plastik;4,01;;1
04.08.2017;Väikelaev;Mootorpaat;D;TERHI;SEA FUN;1991;Plastik;4,06;;1
04.08.2017;Väikelaev;Mootorpaat;C;MARE;R43;2017;Plastik;4,45;Uus sõiduk;1
04.08.2017;Väikelaev;Mootorpaat;C;PROGRESS;4;1973;Alumiinium;4,65;;1
04.08.2017;Väikelaev;Mootorpaat;C;ARIMAR;500;2007;Plastik;5;;1
04.08.2017;Väikelaev;Mootorpaat;C;YAMARIN CROSS;53 CC;2017;Alumiinium;5,27;Uus sõiduk;1
04.08.2017;Väikelaev;Purjejaht;B;KING'S CRUISER;33;1973;Plastik;10,24;;1
07.08.2017;Väikelaev;Mootorpaat;C;ASTRA RIVAL;430;2017;Plastik;4,3;Uus sõiduk;1
07.08.2017;Väikelaev;Mootorpaat;D;PELLINGE;465;1982;Plastik;4,4;;1
07.08.2017;Väikelaev;Mootorpaat;D;NORD;460;2017;Plastik;4,6;Uus sõiduk;1
07.08.2017;Väikelaev;Mootorpaat;C;MARSEA;OP 90;2005;Plastik;5,2;;1
07.08.2017;Väikelaev;Mootorpaat;C;SÄRKI;570;1985;Plastik;5,7;;1
07.08.2017;Väikelaev;Mootorpaat;C;SCANTIC;680;1977;Plastik;6,8;;1
08.08.2017;Väikelaev;Sõudepaat;C;AWN;320 VIB;2017;Sünt. kangas;3,2;Uus sõiduk;1
08.08.2017;Väikelaev;Mootorpaat;C;BUSH;F370;2017;Sünt. kangas;3,7;Uus sõiduk;1
08.08.2017;Väikelaev;Mootorpaat;D;HIRVAS;400;1980;Plastik;4;;1
08.08.2017;Väikelaev;Mootorpaat;D;CRESCENT;-;1987;Plastik;4,3;;1
08.08.2017;Väikelaev;Sõudepaat;D;KAISLA;470;2009;Plastik;4,7;;1
08.08.2017;Väikelaev;Mootorpaat;C;JOFA WINTH;485;1990;Plastik;4,85;;1
08.08.2017;Väikelaev;Mootorpaat;C;SILVER HAWK;DC;1999;Alumiinium;5,25;;1
08.08.2017;Väikelaev;Purjejaht;C;NITRO;-;1984;Plastik;5,4;;1
09.08.2017;Väikelaev;Mootorpaat;C;AQUA STORM;STK330;2017;Sünt. kangas;3,28;Uus sõiduk;1
09.08.2017;Väikelaev;Mootorpaat;C;GRAND CORVETTE;C 330;2008;Sünt. kangas;3,3;;1
09.08.2017;Väikelaev;Mootorpaat;C;JENHAL;Y-380;2016;Sünt. kangas;3,77;Uus sõiduk;1
09.08.2017;Väikelaev;Mootorpaat;D;FINNFLEET;15RH;1994;Plastik;4,15;;1
09.08.2017;Väikelaev;Mootorpaat;D;TERHI;415 R;1988;Plastik;4,22;;1
09.08.2017;Väikelaev;Mootorpaat;D;KASSE;455 R;2017;Plastik;4,57;Uus sõiduk;1
09.08.2017;Väikelaev;Mootorpaat;C;BUSH;FAVORIT F470;2017;Sünt. kangas;4,7;Uus sõiduk;1
10.08.2017;Väikelaev;Sõudepaat;D;NORDLINE;42;2017;Plastik;4,2;Uus sõiduk;1
10.08.2017;Väikelaev;Mootorpaat;C;AQUAPARX;RIB 430;2017;Sünt. kangas;4,3;Uus sõiduk;1
10.08.2017;Väikelaev;Mootorpaat;D;TERHI;430S;1975;Plastik;4,3;;1
10.08.2017;Väikelaev;Mootorpaat;C;FINVAL;555 FISH PRO;2017;Alumiinium;5,59;Uus sõiduk;1
10.08.2017;Väikelaev;Mootorpaat;C;SEA DOO;SPEEDSTER 200;2006;Plastik;6,02;;1
11.08.2017;Alla 12m laev;Kalapaat;D;PELLA-FJORD;- ;1988;Plastik;4,36;;1
11.08.2017;Alla 12m laev;Päästetööde paat;B;FAST WORK BOAT;WRH 680;2017;Plastik;6,85;Uus sõiduk;1
11.08.2017;Väikelaev;Sõudepaat;D;DELTA;380;1999;Plastik;3,8;;1
11.08.2017;Väikelaev;Mootorpaat;C;DULKAN;D-400;2017;Sünt. kangas;4;Uus sõiduk;1
11.08.2017;Väikelaev;Sõudepaat;D;KASSE;430;2017;Plastik;4,27;Uus sõiduk;1
11.08.2017;Väikelaev;Sõudepaat;D;C-440 A;-;2017;Plastik;4,4;Uus sõiduk;1
11.08.2017;Väikelaev;Mootorpaat;D;PROGRESS;2M;1989;Alumiinium;4,65;;1
11.08.2017;Väikelaev;Mootorpaat;C;BUSTER;XL;1993;Alumiinium;5,3;;1
12.08.2017;Väikelaev;Sõudepaat;D;VELES;275;2010;Sünt. kangas;2,75;;1
14.08.2017;Jett;Määramata;C;KAWASAKI;JS1500A;2017;Määramata;2,65;Uus sõiduk;1
14.08.2017;Jett;Määramata;C;SEA-DOO;RXP-X 300 RS;2017;Määramata;3,32;Uus sõiduk;2
14.08.2017;Väikelaev;Mootorpaat;C;LARSEN B;T-530;2017;Plastik;5,3;Uus sõiduk;1
14.08.2017;Väikelaev;Mootorpaat;C;FINVAL;555 FISH PRO;2017;Alumiinium;5,59;Uus sõiduk;1
14.08.2017;Väikelaev;Mootorpaat;B;QUICKSILVER;905 PILOTHOUSE;2017;Plastik;8,5;Uus sõiduk;1
14.08.2017;Väikelaev;Mootorpaat;B;DELPHIA;ESCAPE 1150 V;2017;Plastik;9,95;Uus sõiduk;1
15.08.2017;Jett;Määramata;C;BOMBARDIER (SEA-DOO);3D;2004;Määramata;2,72;;1
15.08.2017;Väikelaev;Sõudepaat;C;AQUA MARINA;BT-88850;2013;Sünt. kangas;2,77;;1
15.08.2017;Väikelaev;Sõudepaat;D;FISHMAN II;400;2015;Sünt. kangas;2,95;Uus sõiduk;1
15.08.2017;Väikelaev;Sõudepaat;C;RUNOS;RY B330;2015;Sünt. kangas;3;Uus sõiduk;1
15.08.2017;Väikelaev;Mootorpaat;C;LATREX;430;2017;Plastik;4,3;Uus sõiduk;1
15.08.2017;Väikelaev;Mootorpaat;D;MUSTANG;14;1998;Plastik;4,3;;1
15.08.2017;Väikelaev;Sõudepaat;D;-;-;1996;Plastik;4,75;;1
15.08.2017;Väikelaev;Mootorpaat;C;VALIANT;V490;1997;Plastik;4,9;;1
15.08.2017;Väikelaev;Mootorpaat;C;YAMARIN;CROSS 60 CABIN;2017;Alumiinium;6,03;Uus sõiduk;1
16.08.2017;Jett;Määramata;C;SEA-DOO;SPARK 900 HO;2017;Määramata;2,9;Uus sõiduk;1
16.08.2017;Väikelaev;Mootorpaat;D;DULKAN;D290;2017;Sünt. kangas;2,9;Uus sõiduk;1
16.08.2017;Väikelaev;Mootorpaat;C;STARWELD;1700DC;2017;Alumiinium;4,98;Uus sõiduk;1
16.08.2017;Väikelaev;Mootorpaat;C;SUVI;5050 DUO;2016;Plastik;5,08;Uus sõiduk;1
16.08.2017;Väikelaev;Mootorpaat;C;SYLVAN;MIRAGE 8522;2017;Alumiinium;6,78;Uus sõiduk;1
17.08.2017;Väikelaev;Sõudepaat;D;VELES;300;2012;Sünt. kangas;3;;1
17.08.2017;Väikelaev;Mootorpaat;C;OMEGA;TP400KU;2017;Sünt. kangas;4;Uus sõiduk;1
17.08.2017;Väikelaev;Mootorpaat;D;TERHI;415;1990;Plastik;4,15;;1
17.08.2017;Väikelaev;Sõudepaat;D;KAISLA;420;2012;Plastik;4,2;;1
17.08.2017;Väikelaev;Sõudepaat;D;KAISLA;420;2013;Plastik;4,2;;1
17.08.2017;Väikelaev;Mootorpaat;C;LATREX;430;2017;Plastik;4,3;Uus sõiduk;1
17.08.2017;Väikelaev;Mootorpaat;D;-;-;1980;Plastik;4,4;;1
17.08.2017;Väikelaev;Mootorpaat;C;SEA RAY;-;1974;Plastik;5,5;;1
18.08.2017;Jett;Määramata;C;SEA-DOO;RXP-X 300 RS;2017;Määramata;3,32;Uus sõiduk;2
18.08.2017;Jett;Määramata;C;YAMAHA;FX 1100 WAVERUNNER H.O;2008;Määramata;3,34;;1
18.08.2017;Jett;Määramata;D;SEADANCE;SHS 1100;2008;Määramata;3,41;;1
18.08.2017;Väikelaev;Mootorpaat;C;DULKAN;D-325 DZ;2017;Sünt. kangas;3,25;Uus sõiduk;1
18.08.2017;Väikelaev;Mootorpaat;C;VIAMARE;330 ALU;2017;Sünt. kangas;3,3;Uus sõiduk;1
18.08.2017;Väikelaev;Sõudepaat;D;KASSE;430;1996;Plastik;4,27;;1
19.08.2017;Väikelaev;Mootorpaat;C;HONWAVE;T35AE2;2015;Sünt. kangas;3,53;Uus sõiduk;1
21.08.2017;Väikelaev;Sõudepaat;D;LATREX;275;2017;Plastik;2,75;Uus sõiduk;1
21.08.2017;Väikelaev;Mootorpaat;C;GRAND;C360;2015;Sünt. kangas;3,6;Uus sõiduk;1
21.08.2017;Väikelaev;Mootorpaat;C;GALA;A500L;2017;Plastik;5;Uus sõiduk;1
22.08.2017;Jett;Määramata;;SEA DOO;GTX;2000;Määramata;3,1;;1
22.08.2017;Väikelaev;Sõudepaat;D;KASSE;430;2017;Plastik;4,27;Uus sõiduk;1
22.08.2017;Väikelaev;Mootorpaat;D;OMAVALMISTATUD;17;2017;Puit;5,24;Uus sõiduk;1
22.08.2017;Väikelaev;Purjejaht;C;FOLKBOOT;- ;1964;Puit;7,68;;1
22.08.2017;Väikelaev;Purjejaht;A;BAVARIA;CRUISER 45;2010;Plastik;13,6;;1
23.08.2017;Väikelaev;Sõudepaat;C;NAVIS;N 465;2017;Plastik;4,65;Uus sõiduk;1
23.08.2017;Väikelaev;Mootorpaat;C;TERHI;520 HT;1975;Plastik;5,2;;1
23.08.2017;Väikelaev;Purjejaht;C;MARINA;75;1974;Plastik;7,7;;1
24.08.2017;Väikelaev;Sõudepaat;D;NORDLINE;29;2017;Plastik;2,95;Uus sõiduk;1
24.08.2017;Väikelaev;Mootorpaat;D;WELLMAR;37;2016;Alumiinium;3,76;Uus sõiduk;1
24.08.2017;Väikelaev;Mootorpaat;C;SÄRKI;48;2000;Plastik;4,8;;1
25.08.2017;Väikelaev;Sõudepaat;D;LOHI;375;1973;Plastik;3,75;;1
25.08.2017;Väikelaev;Mootorpaat;D;BUSTER;R;1980;Alumiinium;4,15;;1
25.08.2017;Väikelaev;Sõudepaat;D;KASSE;430R;2017;Plastik;4,33;Uus sõiduk;1
25.08.2017;Väikelaev;Mootorpaat;D;KASSE;455 R;2017;Plastik;4,57;Uus sõiduk;1
25.08.2017;Väikelaev;Mootorpaat;D;JOKER;16;1985;Plastik;4,85;;1
25.08.2017;Väikelaev;Mootorpaat;C;BELLA;572 C;2005;Plastik;5,62;;1
25.08.2017;Väikelaev;Mootorpaat;C;MARE;R75;2017;Plastik;7;Uus sõiduk;1
26.08.2017;Väikelaev;Mootorpaat;C;CRAB;K-300;2017;Sünt. kangas;3;Uus sõiduk;1
28.08.2017;Väikelaev;Sõudepaat;D;SEEMANN;MLA 2800;2016;Sünt. kangas;2,8;Uus sõiduk;1
29.08.2017;Väikelaev;Mootorpaat;C;AQUA MARINA;BT-06360WD;2014;Sünt. kangas;3,59;;1
29.08.2017;Väikelaev;Purjejaht;C;APHRODITE;22;1983;Plastik;6,5;;1
30.08.2017;Väikelaev;Sõudepaat;C;KOLIBRI;KM 280;2017;Sünt. kangas;2,8;Uus sõiduk;1
30.08.2017;Väikelaev;Sõudepaat;D;IDEAL;390;2008;Plastik;3,87;;1
30.08.2017;Väikelaev;Mootorpaat;D;LAMI;4050R;1995;Plastik;4,05;;1
30.08.2017;Väikelaev;Mootorpaat;D;TERHI;415 R;1997;Plastik;4,15;;1
30.08.2017;Väikelaev;Mootorpaat;D;KAZANKA;5M4;1990;Alumiinium;4,5;;1
30.08.2017;Väikelaev;Mootorpaat;D;NORDLINE;51;2017;Plastik;5,1;Uus sõiduk;1
30.08.2017;Väikelaev;Mootorpaat;C;BUSTER;XL;2000;Alumiinium;5,3;;1
30.08.2017;Väikelaev;Purjejaht;A;DUFOUR;382 GL;2016;Plastik;10,96;Uus sõiduk;1
31.08.2017;Jett;Määramata;;BENELLI;B3S STANDUP;2013;Määramata;2,46;Uus sõiduk;1
31.08.2017;Jett;Määramata;C;SEA-DOO;GTI 90;2017;Määramata;3,37;Uus sõiduk;1
31.08.2017;Väikelaev;Mootorpaat;C;CRAB;K-360;2015;Sünt. kangas;3,6;;1
31.08.2017;Väikelaev;Mootorpaat;C;WHALY;435;2015;Plastik;4,35;Uus sõiduk;1
31.08.2017;Väikelaev;Mootorpaat;C;DIANA;19;1976;Plastik;5,8;;1
31.08.2017;Väikelaev;Mootorpaat;C;KESTREL;3290;1990;Plastik;5,8;;1
01.09.2017;Jett;Määramata;;BOMBARDIER (SEA-DOO);GTX;2005;Määramata;3,2;;1
01.09.2017;Väikelaev;Mootorpaat;D;TRENER;-;1990;Plastik;4,4;;1
01.09.2017;Väikelaev;Mootorpaat;C;FLIPPER;510 HT;1983;Plastik;5,1;;1
01.09.2017;Väikelaev;Mootorpaat;C;BAYLINER;2355 CIERA;1995;Plastik;7,01;;1
01.09.2017;Väikelaev;Purjejaht;C;SUNWIND;27;1983;Plastik;8,22;;1
02.09.2017;Väikelaev;Sõudepaat;D;ALLPA;SENS 290;2015;Sünt. kangas;2,9;Uus sõiduk;1
02.09.2017;Väikelaev;Mootorpaat;C;OUTLAND;MX-360/OAL;2011;Sünt. kangas;3,56;;1
02.09.2017;Väikelaev;Mootorpaat;C;PIONER;14 ACTIVE;2016;Plastik;4,11;Uus sõiduk;1
04.09.2017;Väikelaev;Mootorpaat;C;BUSH;B-400;2017;Sünt. kangas;4,05;Uus sõiduk;1
05.09.2017;Jett;Määramata;;KAWASAKI;JS1500A;2017;Määramata;2,65;Uus sõiduk;2
05.09.2017;Väikelaev;Mootorpaat;D;GLASTRON;-;1974;Plastik;3,91;;1
06.09.2017;Väikelaev;Mootorpaat;C;BUSH;B-400;2016;Sünt. kangas;4,05;Uus sõiduk;1
06.09.2017;Väikelaev;Mootorpaat;D;KASSE;455 R;2017;Plastik;4,57;Uus sõiduk;1
07.09.2017;Väikelaev;Mootorpaat;C;KOLIBRI;KM 360D;2016;Sünt. kangas;3,6;Uus sõiduk;1
07.09.2017;Väikelaev;Mootorpaat;D;TERHI;SEA FUN;1991;Plastik;4,06;;1
07.09.2017;Väikelaev;Mootorpaat;C;PROGRESS;3M;1990;Alumiinium;4,65;;1
07.09.2017;Väikelaev;Mootorpaat;C;GRANDEZZA;25 S;2017;Plastik;7,53;Uus sõiduk;1
08.09.2017;Alla 12m laev;Kalapaat;C;OMAVALMISTATUD;-;2017;Alumiinium;6,8;Uus sõiduk;1
08.09.2017;Väikelaev;Mootorpaat;C;TERHI;445 C;2017;Plastik;4,45;Uus sõiduk;1
08.09.2017;Väikelaev;Mootorpaat;C;SUNBIRD;-;1991;Plastik;6,7;;1
09.09.2017;Väikelaev;Mootorpaat;C;MASTER;600;2003;Alumiinium;6;;1
12.09.2017;Alla 12m laev;Kalapaat;C;BOTNIA;23;1982;Plastik;7,3;;1
12.09.2017;Jett;Määramata;C;SEA-DOO;GTX LTD 300;2017;Määramata;3,54;Uus sõiduk;1
12.09.2017;Väikelaev;Mootorpaat;C;JENHAL;Y 330;2016;Sünt. kangas;3,25;Uus sõiduk;1
12.09.2017;Väikelaev;Mootorpaat;C;GLADIATOR;C 370 AL;2017;Sünt. kangas;3,7;Uus sõiduk;1
12.09.2017;Väikelaev;Sõudepaat;C;AQUA STORM;STK400E;2014;Sünt. kangas;3,92;;1
12.09.2017;Väikelaev;Mootorpaat;D;ALUMACRAFT;175 COMPETITOR;2013;Alumiinium;5,4;;1
12.09.2017;Väikelaev;Mootorpaat;C;ANYTEC;622 SP;2009;Alumiinium;6,76;;1
12.09.2017;Väikelaev;Mootorpaat;C;XO;240 RS CABIN;2017;Alumiinium;7,39;Uus sõiduk;1
12.09.2017;Väikelaev;Purjejaht;C;OMAVALMISTATUD;OMAVALMISTATUD;2017;Plastik;8,4;Uus sõiduk;1
13.09.2017;Alla 12m laev;Päästetööde paat;C;ATLANTIC;21;1980;Muu;6,94;;1
13.09.2017;Väikelaev;Mootorpaat;D;SKIPP;400;2016;Plastik;4;Uus sõiduk;1
13.09.2017;Väikelaev;Mootorpaat;D;KASSE;455 R;2017;Plastik;4,57;Uus sõiduk;1
13.09.2017;Väikelaev;Mootorpaat;D;NORD;460D;2017;Plastik;4,6;Uus sõiduk;1
13.09.2017;Väikelaev;Purjejaht;C;FOLKBOOT;- ;1966;Puit;7,68;;1
15.09.2017;Väikelaev;Mootorpaat;C;QINGDAO;Y-330;2016;Sünt. kangas;3,25;Uus sõiduk;1
15.09.2017;Väikelaev;Mootorpaat;C;OUTLAND;MX-360/OAL;2014;Sünt. kangas;3,56;;1
15.09.2017;Väikelaev;Sõudepaat;D;PELLA-FJORD;-;1981;Plastik;4,36;;1
15.09.2017;Väikelaev;Mootorpaat;D;KASSE;455 R;2017;Plastik;4,57;Uus sõiduk;1
15.09.2017;Väikelaev;Mootorpaat;C;MV-MARIN;6600 FC;2007;Plastik;6,6;;1
16.09.2017;Väikelaev;Mootorpaat;C;ZODIAC;CADET 310 S;2014;Plastik;3,1;;1
16.09.2017;Väikelaev;Sõudepaat;D;NORDLINE;42;2017;Plastik;4,2;Uus sõiduk;1
16.09.2017;Väikelaev;Mootorpaat;C;OMAVALMISTATUD;-;2002;Puit;7,4;;1
18.09.2017;Väikelaev;Mootorpaat;D;VONKKA;2;1972;Plastik;4;;1
18.09.2017;Väikelaev;Mootorpaat;C;FINNFAMILY;475 GT;1981;Plastik;4,5;;1
18.09.2017;Väikelaev;Mootorpaat;C;COASTER;600DC;2017;Plastik;5,6;Uus sõiduk;1
18.09.2017;Väikelaev;Mootorpaat;C;BLUE FIN;SPORTSMAN 1950;1988;Alumiinium;6,5;;1
19.09.2017;Väikelaev;Sõudepaat;D;INTEX;MARINER 3;2016;Sünt. kangas;2,97;Uus sõiduk;1
19.09.2017;Väikelaev;Mootorpaat;D;SILVER COLIBRI;405;2003;Alumiinium;4,05;;1
19.09.2017;Väikelaev;Mootorpaat;D;TERHI;415 R;1989;Plastik;4,15;;1
19.09.2017;Väikelaev;Mootorpaat;C;YAMARIN;5940 ;2002;Plastik;5,81;;1
19.09.2017;Väikelaev;Sõudepaat;C;OMAVALMISTATUD;-;2017;Plastik;7,02;Uus sõiduk;1
20.09.2017;Alla 12m laev;Kalapaat;D;HIIU;450 ;2017;Plastik;4,5;Uus sõiduk;1
20.09.2017;Väikelaev;Sõudepaat;D;KIILI PAAT;440;2015;Plastik;4,4;Uus sõiduk;1
20.09.2017;Väikelaev;Mootorpaat;D;SUOMI;440 R;2002;Plastik;4,4;;1
20.09.2017;Väikelaev;Mootorpaat;D;BUSTER;RS;1989;Alumiinium;4,5;;1
20.09.2017;Väikelaev;Mootorpaat;C;BUSTER;S;2013;Alumiinium;4,58;;1
20.09.2017;Väikelaev;Mootorpaat;C;HURRICAN;HT;1976;Plastik;5;;1
21.09.2017;Väikelaev;Mootorpaat;D;BOSTON;WHALER 17;1993;Plastik;5;;1
22.09.2017;Väikelaev;Mootorpaat;D;LINDER;SPORTSMAN 355;2017;Alumiinium;3,55;Uus sõiduk;1
25.09.2017;Väikelaev;Mootorpaat;C;CRAB;K-300;2017;Sünt. kangas;3;Uus sõiduk;1
25.09.2017;Väikelaev;Mootorpaat;C;DULKAN;D-325 DZ;2017;Sünt. kangas;3,25;Uus sõiduk;1
25.09.2017;Väikelaev;Sõudepaat;D;PORTA-BOTE;12;2013;Plastik;3,72;;1
25.09.2017;Väikelaev;Mootorpaat;D;BUSTER;R;1980;Alumiinium;4,1;;1
25.09.2017;Väikelaev;Purjejaht;D;BEZ;2;1992;Plastik;4,2;;1
25.09.2017;Väikelaev;Mootorpaat;C;PROGRESS;2M;1986;Alumiinium;4,65;;1
25.09.2017;Väikelaev;Mootorpaat;D;NORDLINE;51;2017;Plastik;5,1;Uus sõiduk;1
25.09.2017;Väikelaev;Purjejaht;B;HAVSFIDRA;20;1974;Plastik;6;;1
26.09.2017;Väikelaev;Mootorpaat;D;TERHI;SOFA 14 PERHEVENE;1974;Plastik;4,2;;1
26.09.2017;Väikelaev;Mootorpaat;C;TERHI;445 C;2017;Plastik;4,45;Uus sõiduk;1
26.09.2017;Väikelaev;Mootorpaat;D;SUOMI;475;2016;Plastik;4,84;Uus sõiduk;1
26.09.2017;Väikelaev;Mootorpaat;C;BELLA;561 HT;2000;Plastik;5,5;;1
26.09.2017;Väikelaev;Mootorpaat;C;FJORDSTAR;750;2017;Plastik;7,55;Uus sõiduk;1
27.09.2017;Väikelaev;Sõudepaat;D;KAISLA;435 M;2012;Plastik;4,35;;1
27.09.2017;Väikelaev;Mootorpaat;C;OCKELBO;B16AL;2017;Alumiinium;4,8;Uus sõiduk;1
27.09.2017;Väikelaev;Mootorpaat;C;MÄÄRAMATA;-;1986;Plastik;6,75;;1
27.09.2017;Väikelaev;Mootorpaat;C;OMAVALMISTATUD;-;1970;Puit;7,1;;1
28.09.2017;Väikelaev;Sõudepaat;C;KOLIBRI;KM 280;2015;Sünt. kangas;2,82;;1
28.09.2017;Väikelaev;Mootorpaat;D;MINI BUSTER;-;1983;Alumiinium;3,6;;1
28.09.2017;Väikelaev;Mootorpaat;D;LINGALAID;402;2017;Plastik;4;Uus sõiduk;1
28.09.2017;Väikelaev;Mootorpaat;C;SEA RAY;270 SUNDANCER;1996;Plastik;8,4;;1
28.09.2017;Väikelaev;Purjejaht;B;SHIPMAN;28;1976;Plastik;8,86;;1
29.09.2017;Väikelaev;Mootorpaat;C;DULKAN;D-370 DZ;2017;Sünt. kangas;3,7;Uus sõiduk;1
29.09.2017;Väikelaev;Mootorpaat;D;VIGGEN;430;1980;Plastik;4,3;;1
29.09.2017;Väikelaev;Mootorpaat;C;SEABIRD;900;1993;Plastik;4,8;;1
30.09.2017;Väikelaev;Mootorpaat;C;ÖRNVIK;510;1975;Plastik;5,1;;1
30.09.2017;Väikelaev;Mootorpaat;C;SOLVIGG;18;1971;Plastik;5,35;;1
02.10.2017;Väikelaev;Mootorpaat;C;DULKAN;D-325 DZ;2017;Sünt. kangas;3,25;Uus sõiduk;1
02.10.2017;Väikelaev;Sõudepaat;D;NORDLINE;38;2017;Plastik;3,8;Uus sõiduk;1
03.10.2017;Väikelaev;Mootorpaat;C;DULKAN;D-400;2017;Sünt. kangas;4;Uus sõiduk;1
03.10.2017;Väikelaev;Sõudepaat;D;KASSE;430;2017;Plastik;4,27;Uus sõiduk;1
03.10.2017;Väikelaev;Mootorpaat;C;BAYLINER;2455 CIERA;1989;Plastik;7,55;;1
04.10.2017;Väikelaev;Sõudepaat;D;KIILI PAAT;440;2017;Plastik;4,4;Uus sõiduk;1
04.10.2017;Väikelaev;Mootorpaat;C;RIBCRAFT;4.8M;2017;Sünt. kangas;4,8;Uus sõiduk;1
04.10.2017;Väikelaev;Mootorpaat;C;OCKELBO;B18CC;2017;Alumiinium;5,41;Uus sõiduk;1
05.10.2017;Alla 12m laev;Kalapaat;C;BUSTER;MAGNUM;1991;Alumiinium;6,2;;1
05.10.2017;Väikelaev;Sõudepaat;D;KAISLA;470;2009;Plastik;4,7;;1
06.10.2017;Väikelaev;Sõudepaat;D;BUSH;U-280;2017;Kumm;2,8;Uus sõiduk;1
06.10.2017;Väikelaev;Mootorpaat;D;KIILI PAAT;440;2017;Plastik;4,4;Uus sõiduk;1
06.10.2017;Väikelaev;Mootorpaat;C;PROGRESS;-;1969;Alumiinium;4,65;;1
06.10.2017;Väikelaev;Purjejaht;A;BENETEAU;OCEANIS 350;1988;Plastik;10,8;;1
10.10.2017;Väikelaev;Mootorpaat;D;BRIG;D 265 S;2003;Sünt. kangas;2,65;;1
10.10.2017;Väikelaev;Mootorpaat;D;SUN;BUSTER;1996;Alumiinium;3,9;;1
10.10.2017;Väikelaev;Mootorpaat;D;HIRVAS;400;1992;Plastik;4;;1
10.10.2017;Väikelaev;Mootorpaat;D;TERHI;400BS;1974;Plastik;4,1;;1
10.10.2017;Väikelaev;Mootorpaat;C;TERHI;445 C;2017;Plastik;4,45;Uus sõiduk;1
11.10.2017;Väikelaev;Mootorpaat;D;TORNADO;TORONTO;1975;Plastik;4;;1
12.10.2017;Väikelaev;Mootorpaat;D;MÄÄRAMATA;-;1995;Plastik;3,67;;1
13.10.2017;Alla 12m laev;Kalapaat;D;OMAVALMISTATUD;-;2015;Plastik;3,95;Uus sõiduk;1
13.10.2017;Väikelaev;Sõudepaat;D;CATRAN;GLIDE IBP-285;2014;Sünt. kangas;2,65;;1
13.10.2017;Väikelaev;Sõudepaat;D;HIRVAS;400;1982;Plastik;4;;1
13.10.2017;Väikelaev;Sõudepaat;D;KASSE;430R;2017;Plastik;4,33;Uus sõiduk;1
13.10.2017;Väikelaev;Mootorpaat;D;NORDLINE;51;2017;Plastik;5,15;Uus sõiduk;1
16.10.2017;Väikelaev;Mootorpaat;D;ASTRA;415;2015;Plastik;4,15;Uus sõiduk;1
16.10.2017;Väikelaev;Mootorpaat;C;SILVER;WOLF BR510;2017;Alumiinium;5,1;Uus sõiduk;1
16.10.2017;Väikelaev;Purjejaht;A;VAN DE STADT;PACIFIC II;1986;Teras;15,25;;1
17.10.2017;Väikelaev;Mootorpaat;D;SUNBIRD;SPL-171;1993;Sünt. kangas;5,03;;1
18.10.2017;Väikelaev;Mootorpaat;C;MARSHALL;M60;2004;Plastik;4;;1
18.10.2017;Väikelaev;Mootorpaat;C;TERHI;NORDIC 6020;1995;Plastik;4,62;;1
19.10.2017;Väikelaev;Sõudepaat;D;DULKAN;D290;2013;Sünt. kangas;2,9;;1
19.10.2017;Väikelaev;Mootorpaat;D;C-440;-;2017;Plastik;4,4;Uus sõiduk;1
19.10.2017;Väikelaev;Mootorpaat;C;VOLZHANKA;49;2017;Alumiinium;4,9;Uus sõiduk;1
20.10.2017;Väikelaev;Mootorpaat;D;TERHI;4100 VERDE;2001;Plastik;4,1;;1
23.10.2017;Väikelaev;Mootorpaat;C;CRESCENT;49HT;1973;Plastik;4,7;;1
24.10.2017;Väikelaev;Sõudepaat;D;LOTTA;315;2017;Plastik;3,15;Uus sõiduk;1
25.10.2017;Väikelaev;Mootorpaat;C;AQUA STORM;STK420;2015;Sünt. kangas;4,2;Uus sõiduk;1
25.10.2017;Väikelaev;Sõudepaat;D;NORDLINE;42;2017;Plastik;4,2;Uus sõiduk;1
25.10.2017;Väikelaev;Mootorpaat;D;OMAVALMISTATUD;OMAVALMISTATUD;1999;Plastik;4,6;;1
26.10.2017;Väikelaev;Sõudepaat;D;VELES;300;2010;Sünt. kangas;3;;1
26.10.2017;Väikelaev;Mootorpaat;C;QUICKSILVER;620 TIMONIER;2001;Plastik;6,2;;1
27.10.2017;Alla 12m laev;Kalapaat;D;KASSE;455R;2017;Plastik;4,57;Uus sõiduk;1
27.10.2017;Väikelaev;Mootorpaat;D;WITH;300;1979;Plastik;3,64;;1
27.10.2017;Väikelaev;Mootorpaat;D;BUSTER;R;1985;Alumiinium;4,15;;1
27.10.2017;Väikelaev;Mootorpaat;C;STENO;RIB 535AL;2016;Alumiinium;5,35;Uus sõiduk;1
28.10.2017;Väikelaev;Mootorpaat;D;SKIPP;400;2016;Plastik;4;Uus sõiduk;1
28.10.2017;Väikelaev;Mootorpaat;D;KIILI PAAT;440;2016;Plastik;4,4;Uus sõiduk;1
30.10.2017;Väikelaev;Sõudepaat;D;FISHMAN;300;2016;Sünt. kangas;2,52;Uus sõiduk;1
30.10.2017;Väikelaev;Mootorpaat;D;TERHI;415 R;1985;Plastik;4,15;;1
30.10.2017;Väikelaev;Mootorpaat;D;TERHI;415 NOVA;1990;Plastik;4,15;;1
30.10.2017;Väikelaev;Mootorpaat;C;SILVER;WOLF BR510;2017;Alumiinium;5,1;Uus sõiduk;1
31.10.2017;Väikelaev;Mootorpaat;D;OUTLAND;IPB-300;2017;Kumm;2,85;Uus sõiduk;1
31.10.2017;Väikelaev;Mootorpaat;C;BUSTER;MAGNUM;2007;Alumiinium;6,7;;1
01.11.2017;Alla 12m laev;Tööpaat ;C;AVON;SR4;2003;Plastik;4,16;;1
01.11.2017;Alla 12m laev;Kalapaat;D;OMAVALMISTATUD;-;2017;Plastik;4,2;Uus sõiduk;1
01.11.2017;Väikelaev;Purjejaht;C;BIRKA MARIN;ROCK 20;1971;Plastik;7,17;;1
01.11.2017;Väikelaev;Purjejaht;C;OHLSON;29;1976;Plastik;8,8;;1
02.11.2017;Väikelaev;Mootorpaat;D;SEA PRO;CD 320;2012;Sünt. kangas;3,2;;1
02.11.2017;Väikelaev;Mootorpaat;C;ALSON;486F;1988;Plastik;4,86;;1
02.11.2017;Väikelaev;Mootorpaat;C;BAYLINER;CUDDY;1990;Plastik;5,35;;1
03.11.2017;Väikelaev;Mootorpaat;D;NORDLINE;42;2017;Plastik;4,2;Uus sõiduk;1
03.11.2017;Väikelaev;Mootorpaat;C;OMAVALMISTATUD;-;1999;Puit;5,55;;1
04.11.2017;Väikelaev;Mootorpaat;C;FLIPPER;470;1989;Plastik;4,7;;1
04.11.2017;Väikelaev;Mootorpaat;C;BAYLINER;2155 CIERA SUNBRIDGE;1988;Plastik;6,22;;1
06.11.2017;Väikelaev;Purjejaht;C;MAXI;95;1976;Sünt. kangas;9,5;;1
07.11.2017;Väikelaev;Sõudepaat;C;KOLIBRI;KM 300;2016;Sünt. kangas;3;Uus sõiduk;1
08.11.2017;Väikelaev;Mootorpaat;C;QUICKSILVER;510 CRUISER;2004;Plastik;5,08;;1
09.11.2017;Väikelaev;Sõudepaat;D;KOLIBRI;K250T;2017;Sünt. kangas;2,48;Uus sõiduk;1
09.11.2017;Väikelaev;Mootorpaat;D;BUSTER;MINI;1983;Alumiinium;3,6;;1
09.11.2017;Väikelaev;Mootorpaat;C;MOVE;HT;1986;Plastik;5;;1
09.11.2017;Väikelaev;Purjejaht;C;HURLEY;20;1980;Plastik;6,09;;1
13.11.2017;Väikelaev;Sõudepaat;D;KIILI PAAT;-;2002;Plastik;3,6;;1
13.11.2017;Väikelaev;Mootorpaat;C;MERILÄINE;-;1960;Plastik;6;;1
14.11.2017;Väikelaev;Mootorpaat;D;TAIFUN;X;1974;Plastik;4,5;;1
14.11.2017;Väikelaev;Mootorpaat;C;YAMARIN CROSS;57 BOW RIDER;2017;Alumiinium;5,66;Uus sõiduk;1
15.11.2017;Väikelaev;Sõudepaat;D;SEEMANN;MLA 2800;2016;Sünt. kangas;2,8;Uus sõiduk;1
15.11.2017;Väikelaev;Mootorpaat;C;DULKAN;D400;2017;Sünt. kangas;4;Uus sõiduk;1
15.11.2017;Väikelaev;Mootorpaat;D;KAZANKA 5;M3;1991;Alumiinium;4,6;;1
15.11.2017;Väikelaev;Mootorpaat;C;REGAL;2100;2014;Plastik;6,4;;1
16.11.2017;Väikelaev;Mootorpaat;D;KIILI PAAT;440;2017;Plastik;4,4;Uus sõiduk;1
17.11.2017;Väikelaev;Mootorpaat;C;QUICKSILVER;510 CRUISER;2004;Plastik;5,08;;1
17.11.2017;Väikelaev;Purjejaht;C;OMAVALMISTATUD;OMAVALMISTATUD;1980;Plastik;7,6;;1
18.11.2017;Väikelaev;Mootorpaat;C;BUSH;C-480;2008;Sünt. kangas;4,8;;1
21.11.2017;Väikelaev;Mootorpaat;D;TERHI;4100;1998;Plastik;4,1;;1
21.11.2017;Väikelaev;Mootorpaat;D;FINMAR;420 TL;1985;Plastik;4,2;;1
22.11.2017;Väikelaev;Mootorpaat;D;LINDER;FISHING 440;2017;Alumiinium;4,31;Uus sõiduk;1
24.11.2017;Väikelaev;Mootorpaat;D;OB;3;1988;Alumiinium;4,3;;1
24.11.2017;Väikelaev;Mootorpaat;C;TAIFUN;X;1975;Plastik;4,6;;1
28.11.2017;Väikelaev;Mootorpaat;C;BUSH;B 330;2016;Sünt. kangas;3,3;Uus sõiduk;1
29.11.2017;Väikelaev;Mootorpaat;D;NORDLINE;42;2017;Plastik;4,2;Uus sõiduk;1
29.11.2017;Väikelaev;Mootorpaat;C;VIHE;535HT;1987;Plastik;5,36;;1
30.11.2017;Väikelaev;Mootorpaat;C;WHALY;370;2016;Plastik;3,7;Uus sõiduk;1
30.11.2017;Väikelaev;Mootorpaat;D;FINNSPORT;410R;1981;Plastik;4,1;;1
01.12.2017;Väikelaev;Sõudepaat;D;KASSE;430R;2017;Plastik;4,33;Uus sõiduk;1
01.12.2017;Väikelaev;Mootorpaat;D;HIRVAS;440 R;1986;Plastik;4,4;;1
01.12.2017;Väikelaev;Mootorpaat;C;PROGRESS;2;1973;Alumiinium;4,65;;1
02.12.2017;Väikelaev;Sõudepaat;D;D-375;-;2016;Plastik;3,75;Uus sõiduk;1
05.12.2017;Väikelaev;Mootorpaat;C;KOLIBRI;KM 330D;2017;Sünt. kangas;3,3;Uus sõiduk;1
05.12.2017;Väikelaev;Mootorpaat;C;TERHI;475;2014;Plastik;4,75;;1
05.12.2017;Väikelaev;Mootorpaat;D;NORDLINE;51;2017;Plastik;5,15;Uus sõiduk;1
06.12.2017;Väikelaev;Purjejaht;D;OMAVALMISTATUD;-;1991;Plastik;5,1;;1
07.12.2017;Väikelaev;Sõudepaat;D;MÄÄRAMATA;-;1996;Plastik;2,6;;1
07.12.2017;Väikelaev;Sõudepaat;D;PELLA-FJORD;-;1993;Plastik;4,32;;1
07.12.2017;Väikelaev;Mootorpaat;C;FINNFAMILY;500;1980;Plastik;5;;1
08.12.2017;Jett;Määramata;C;KAWASAKI;JET SKI SX-R;2017;Määramata;2,66;Uus sõiduk;1
12.12.2017;Väikelaev;Mootorpaat;C;BUSH;B 330;2016;Sünt. kangas;3,3;Uus sõiduk;1
12.12.2017;Väikelaev;Sõudepaat;D;KIILI PAAT;400;2017;Plastik;4;Uus sõiduk;1
12.12.2017;Väikelaev;Mootorpaat;D;JURMO;LUX;1990;Plastik;4,65;;1
12.12.2017;Väikelaev;Mootorpaat;C;YAMARIN;BIG RIDE;1993;Plastik;4,9;;1
12.12.2017;Väikelaev;Mootorpaat;C;HURRICAN;HT;1985;Plastik;5,04;;1
12.12.2017;Väikelaev;Mootorpaat;C;FINNSPORT;650 AC;1987;Plastik;6,5;;1
13.12.2017;Väikelaev;Mootorpaat;C;FINNMASTER;6100;1997;Plastik;6,01;;1
14.12.2017;Väikelaev;Mootorpaat;D;C-440 A;-;2017;Plastik;4,4;Uus sõiduk;1
16.12.2017;Väikelaev;Sõudepaat;D;PELLA;NOVA;2017;Plastik;4,4;Uus sõiduk;1
18.12.2017;Väikelaev;Mootorpaat;C;YAMARIN;490 BR;1997;Plastik;4,9;;1
19.12.2017;Väikelaev;Mootorpaat;D;OMAVALMISTATUD;-;1993;Plastik;3,9;;1
20.12.2017;Väikelaev;Mootorpaat;C;BRIG;FALCON 450;2017;Plastik;4,45;Uus sõiduk;1
20.12.2017;Väikelaev;Mootorpaat;C;DRACO;18DC;1990;Plastik;5,5;;1
20.12.2017;Väikelaev;Purjejaht;B;BOSTRÖM;B31;1978;Plastik;9,34;;1
22.12.2017;Väikelaev;Mootorpaat;C;GLADIATOR;C 330 AD;2017;Sünt. kangas;3,3;Uus sõiduk;1
22.12.2017;Väikelaev;Mootorpaat;C;YAMARIN;59 DC;2011;Plastik;5,73;;1
27.12.2017;Väikelaev;Mootorpaat;C;GLADIATOR;370;2017;Kumm;3,7;Uus sõiduk;1
27.12.2017;Väikelaev;Mootorpaat;D;HIIU;450;2017;Plastik;4,5;Uus sõiduk;1
27.12.2017;Väikelaev;Mootorpaat;C;OLDENBURG;17;1992;Plastik;5,3;;1
28.12.2017;Väikelaev;Mootorpaat;C;HONWAVE;T30AE2;2010;Sünt. kangas;2,97;;1
28.12.2017;Väikelaev;Sõudepaat;D;OMAVALMISTATUD;-;2017;Puit;4,14;Uus sõiduk;1
28.12.2017;Väikelaev;Mootorpaat;C;BUSTER;X;2016;Alumiinium;5,25;Uus sõiduk;1
29.12.2017;Jett;Määramata;C;KAWASAKI;JS1500A;2017;Määramata;2,66;Uus sõiduk;1
29.12.2017;Väikelaev;Mootorpaat;D;PROJEKT;13901;1991;Alumiinium;7,8;;1
;;;;;;;;;Kokku ;1260
